location_id,timestamp,nombre_etudiants
1,2026-05-02T14:00:00+00:00,503
2,2026-05-02T14:00:00+00:00,167
3,2026-05-02T14:00:00+00:00,10
4,2026-05-02T14:00:00+00:00,18
5,2026-05-02T14:00:00+00:00,5
6,2026-05-02T14:00:00+00:00,0
7,2026-05-02T14:00:00+00:00,5
8,2026-05-02T14:00:00+00:00,6
9,2026-05-02T14:00:00+00:00,3
10,2026-05-02T14:00:00+00:00,9
11,2026-05-02T14:00:00+00:00,50
12,2026-05-02T14:00:00+00:00,3
1,2026-05-02T15:00:00+00:00,541
2,2026-05-02T15:00:00+00:00,171
3,2026-05-02T15:00:00+00:00,82
4,2026-05-02T15:00:00+00:00,80
5,2026-05-02T15:00:00+00:00,28
6,2026-05-02T15:00:00+00:00,24
7,2026-05-02T15:00:00+00:00,21
8,2026-05-02T15:00:00+00:00,34
9,2026-05-02T15:00:00+00:00,49
10,2026-05-02T15:00:00+00:00,35
11,2026-05-02T15:00:00+00:00,37
12,2026-05-02T15:00:00+00:00,13
1,2026-05-02T16:00:00+00:00,461
2,2026-05-02T16:00:00+00:00,136
3,2026-05-02T16:00:00+00:00,93
4,2026-05-02T16:00:00+00:00,92
5,2026-05-02T16:00:00+00:00,30
6,2026-05-02T16:00:00+00:00,18
7,2026-05-02T16:00:00+00:00,22
8,2026-05-02T16:00:00+00:00,28
9,2026-05-02T16:00:00+00:00,24
10,2026-05-02T16:00:00+00:00,39
11,2026-05-02T16:00:00+00:00,23
12,2026-05-02T16:00:00+00:00,14
1,2026-05-02T17:00:00+00:00,451
2,2026-05-02T17:00:00+00:00,120
3,2026-05-02T17:00:00+00:00,98
4,2026-05-02T17:00:00+00:00,80
5,2026-05-02T17:00:00+00:00,27
6,2026-05-02T17:00:00+00:00,20
7,2026-05-02T17:00:00+00:00,21
8,2026-05-02T17:00:00+00:00,38
9,2026-05-02T17:00:00+00:00,50
10,2026-05-02T17:00:00+00:00,43
11,2026-05-02T17:00:00+00:00,60
12,2026-05-02T17:00:00+00:00,13
1,2026-05-02T18:00:00+00:00,0
2,2026-05-02T18:00:00+00:00,0
3,2026-05-02T18:00:00+00:00,7
4,2026-05-02T18:00:00+00:00,16
5,2026-05-02T18:00:00+00:00,5
6,2026-05-02T18:00:00+00:00,10
7,2026-05-02T18:00:00+00:00,2
8,2026-05-02T18:00:00+00:00,3
9,2026-05-02T18:00:00+00:00,51
10,2026-05-02T18:00:00+00:00,15
11,2026-05-02T18:00:00+00:00,57
12,2026-05-02T18:00:00+00:00,14
1,2026-05-02T19:00:00+00:00,128
2,2026-05-02T19:00:00+00:00,18
3,2026-05-02T19:00:00+00:00,0
4,2026-05-02T19:00:00+00:00,6
5,2026-05-02T19:00:00+00:00,9
6,2026-05-02T19:00:00+00:00,1
7,2026-05-02T19:00:00+00:00,4
8,2026-05-02T19:00:00+00:00,8
9,2026-05-02T19:00:00+00:00,42
10,2026-05-02T19:00:00+00:00,12
11,2026-05-02T19:00:00+00:00,268
12,2026-05-02T19:00:00+00:00,17
1,2026-05-02T20:00:00+00:00,59
2,2026-05-02T20:00:00+00:00,0
3,2026-05-02T20:00:00+00:00,6
4,2026-05-02T20:00:00+00:00,4
5,2026-05-02T20:00:00+00:00,9
6,2026-05-02T20:00:00+00:00,3
7,2026-05-02T20:00:00+00:00,4
8,2026-05-02T20:00:00+00:00,10
9,2026-05-02T20:00:00+00:00,39
10,2026-05-02T20:00:00+00:00,7
11,2026-05-02T20:00:00+00:00,210
12,2026-05-02T20:00:00+00:00,10
1,2026-05-02T21:00:00+00:00,452
2,2026-05-02T21:00:00+00:00,166
3,2026-05-02T21:00:00+00:00,95
4,2026-05-02T21:00:00+00:00,83
5,2026-05-02T21:00:00+00:00,28
6,2026-05-02T21:00:00+00:00,21
7,2026-05-02T21:00:00+00:00,23
8,2026-05-02T21:00:00+00:00,38
9,2026-05-02T21:00:00+00:00,47
10,2026-05-02T21:00:00+00:00,37
11,2026-05-02T21:00:00+00:00,66
12,2026-05-02T21:00:00+00:00,13
1,2026-05-02T22:00:00+00:00,538
2,2026-05-02T22:00:00+00:00,159
3,2026-05-02T22:00:00+00:00,102
4,2026-05-02T22:00:00+00:00,80
5,2026-05-02T22:00:00+00:00,33
6,2026-05-02T22:00:00+00:00,21
7,2026-05-02T22:00:00+00:00,19
8,2026-05-02T22:00:00+00:00,30
9,2026-05-02T22:00:00+00:00,43
10,2026-05-02T22:00:00+00:00,48
11,2026-05-02T22:00:00+00:00,64
12,2026-05-02T22:00:00+00:00,13
1,2026-05-02T23:00:00+00:00,185
2,2026-05-02T23:00:00+00:00,111
3,2026-05-02T23:00:00+00:00,17
4,2026-05-02T23:00:00+00:00,6
5,2026-05-02T23:00:00+00:00,3
6,2026-05-02T23:00:00+00:00,4
7,2026-05-02T23:00:00+00:00,8
8,2026-05-02T23:00:00+00:00,3
9,2026-05-02T23:00:00+00:00,41
10,2026-05-02T23:00:00+00:00,15
11,2026-05-02T23:00:00+00:00,34
12,2026-05-02T23:00:00+00:00,11
1,2026-05-03T00:00:00+00:00,34
2,2026-05-03T00:00:00+00:00,0
3,2026-05-03T00:00:00+00:00,14
4,2026-05-03T00:00:00+00:00,0
5,2026-05-03T00:00:00+00:00,8
6,2026-05-03T00:00:00+00:00,4
7,2026-05-03T00:00:00+00:00,9
8,2026-05-03T00:00:00+00:00,8
9,2026-05-03T00:00:00+00:00,55
10,2026-05-03T00:00:00+00:00,2
11,2026-05-03T00:00:00+00:00,42
12,2026-05-03T00:00:00+00:00,1
1,2026-05-03T01:00:00+00:00,113
2,2026-05-03T01:00:00+00:00,0
3,2026-05-03T01:00:00+00:00,21
4,2026-05-03T01:00:00+00:00,17
5,2026-05-03T01:00:00+00:00,10
6,2026-05-03T01:00:00+00:00,6
7,2026-05-03T01:00:00+00:00,4
8,2026-05-03T01:00:00+00:00,5
9,2026-05-03T01:00:00+00:00,0
10,2026-05-03T01:00:00+00:00,9
11,2026-05-03T01:00:00+00:00,0
12,2026-05-03T01:00:00+00:00,5
1,2026-05-03T14:00:00+00:00,480
2,2026-05-03T14:00:00+00:00,175
3,2026-05-03T14:00:00+00:00,0
4,2026-05-03T14:00:00+00:00,8
5,2026-05-03T14:00:00+00:00,6
6,2026-05-03T14:00:00+00:00,6
7,2026-05-03T14:00:00+00:00,7
8,2026-05-03T14:00:00+00:00,7
9,2026-05-03T14:00:00+00:00,0
10,2026-05-03T14:00:00+00:00,11
11,2026-05-03T14:00:00+00:00,57
12,2026-05-03T14:00:00+00:00,2
1,2026-05-03T15:00:00+00:00,476
2,2026-05-03T15:00:00+00:00,188
3,2026-05-03T15:00:00+00:00,90
4,2026-05-03T15:00:00+00:00,96
5,2026-05-03T15:00:00+00:00,32
6,2026-05-03T15:00:00+00:00,22
7,2026-05-03T15:00:00+00:00,21
8,2026-05-03T15:00:00+00:00,43
9,2026-05-03T15:00:00+00:00,46
10,2026-05-03T15:00:00+00:00,40
11,2026-05-03T15:00:00+00:00,47
12,2026-05-03T15:00:00+00:00,15
1,2026-05-03T16:00:00+00:00,425
2,2026-05-03T16:00:00+00:00,148
3,2026-05-03T16:00:00+00:00,101
4,2026-05-03T16:00:00+00:00,85
5,2026-05-03T16:00:00+00:00,22
6,2026-05-03T16:00:00+00:00,21
7,2026-05-03T16:00:00+00:00,21
8,2026-05-03T16:00:00+00:00,32
9,2026-05-03T16:00:00+00:00,51
10,2026-05-03T16:00:00+00:00,44
11,2026-05-03T16:00:00+00:00,21
12,2026-05-03T16:00:00+00:00,13
1,2026-05-03T17:00:00+00:00,410
2,2026-05-03T17:00:00+00:00,116
3,2026-05-03T17:00:00+00:00,94
4,2026-05-03T17:00:00+00:00,89
5,2026-05-03T17:00:00+00:00,25
6,2026-05-03T17:00:00+00:00,22
7,2026-05-03T17:00:00+00:00,22
8,2026-05-03T17:00:00+00:00,32
9,2026-05-03T17:00:00+00:00,48
10,2026-05-03T17:00:00+00:00,46
11,2026-05-03T17:00:00+00:00,27
12,2026-05-03T17:00:00+00:00,13
1,2026-05-03T18:00:00+00:00,30
2,2026-05-03T18:00:00+00:00,46
3,2026-05-03T18:00:00+00:00,0
4,2026-05-03T18:00:00+00:00,18
5,2026-05-03T18:00:00+00:00,5
6,2026-05-03T18:00:00+00:00,4
7,2026-05-03T18:00:00+00:00,9
8,2026-05-03T18:00:00+00:00,7
9,2026-05-03T18:00:00+00:00,62
10,2026-05-03T18:00:00+00:00,6
11,2026-05-03T18:00:00+00:00,53
12,2026-05-03T18:00:00+00:00,11
1,2026-05-03T19:00:00+00:00,26
2,2026-05-03T19:00:00+00:00,20
3,2026-05-03T19:00:00+00:00,9
4,2026-05-03T19:00:00+00:00,13
5,2026-05-03T19:00:00+00:00,0
6,2026-05-03T19:00:00+00:00,9
7,2026-05-03T19:00:00+00:00,4
8,2026-05-03T19:00:00+00:00,14
9,2026-05-03T19:00:00+00:00,36
10,2026-05-03T19:00:00+00:00,10
11,2026-05-03T19:00:00+00:00,300
12,2026-05-03T19:00:00+00:00,10
1,2026-05-03T20:00:00+00:00,0
2,2026-05-03T20:00:00+00:00,1
3,2026-05-03T20:00:00+00:00,16
4,2026-05-03T20:00:00+00:00,18
5,2026-05-03T20:00:00+00:00,10
6,2026-05-03T20:00:00+00:00,3
7,2026-05-03T20:00:00+00:00,0
8,2026-05-03T20:00:00+00:00,5
9,2026-05-03T20:00:00+00:00,54
10,2026-05-03T20:00:00+00:00,11
11,2026-05-03T20:00:00+00:00,208
12,2026-05-03T20:00:00+00:00,12
1,2026-05-03T21:00:00+00:00,547
2,2026-05-03T21:00:00+00:00,194
3,2026-05-03T21:00:00+00:00,89
4,2026-05-03T21:00:00+00:00,86
5,2026-05-03T21:00:00+00:00,24
6,2026-05-03T21:00:00+00:00,18
7,2026-05-03T21:00:00+00:00,21
8,2026-05-03T21:00:00+00:00,37
9,2026-05-03T21:00:00+00:00,49
10,2026-05-03T21:00:00+00:00,39
11,2026-05-03T21:00:00+00:00,17
12,2026-05-03T21:00:00+00:00,10
1,2026-05-03T22:00:00+00:00,424
2,2026-05-03T22:00:00+00:00,170
3,2026-05-03T22:00:00+00:00,61
4,2026-05-03T22:00:00+00:00,80
5,2026-05-03T22:00:00+00:00,29
6,2026-05-03T22:00:00+00:00,24
7,2026-05-03T22:00:00+00:00,21
8,2026-05-03T22:00:00+00:00,39
9,2026-05-03T22:00:00+00:00,41
10,2026-05-03T22:00:00+00:00,38
11,2026-05-03T22:00:00+00:00,28
12,2026-05-03T22:00:00+00:00,15
1,2026-05-03T23:00:00+00:00,347
2,2026-05-03T23:00:00+00:00,107
3,2026-05-03T23:00:00+00:00,43
4,2026-05-03T23:00:00+00:00,11
5,2026-05-03T23:00:00+00:00,7
6,2026-05-03T23:00:00+00:00,5
7,2026-05-03T23:00:00+00:00,3
8,2026-05-03T23:00:00+00:00,16
9,2026-05-03T23:00:00+00:00,57
10,2026-05-03T23:00:00+00:00,2
11,2026-05-03T23:00:00+00:00,35
12,2026-05-03T23:00:00+00:00,13
1,2026-05-04T00:00:00+00:00,67
2,2026-05-04T00:00:00+00:00,0
3,2026-05-04T00:00:00+00:00,0
4,2026-05-04T00:00:00+00:00,0
5,2026-05-04T00:00:00+00:00,5
6,2026-05-04T00:00:00+00:00,4
7,2026-05-04T00:00:00+00:00,5
8,2026-05-04T00:00:00+00:00,4
9,2026-05-04T00:00:00+00:00,35
10,2026-05-04T00:00:00+00:00,0
11,2026-05-04T00:00:00+00:00,52
12,2026-05-04T00:00:00+00:00,1
1,2026-05-04T01:00:00+00:00,77
2,2026-05-04T01:00:00+00:00,22
3,2026-05-04T01:00:00+00:00,10
4,2026-05-04T01:00:00+00:00,24
5,2026-05-04T01:00:00+00:00,5
6,2026-05-04T01:00:00+00:00,2
7,2026-05-04T01:00:00+00:00,3
8,2026-05-04T01:00:00+00:00,5
9,2026-05-04T01:00:00+00:00,0
10,2026-05-04T01:00:00+00:00,9
11,2026-05-04T01:00:00+00:00,5
12,2026-05-04T01:00:00+00:00,0
1,2026-05-04T14:00:00+00:00,475
2,2026-05-04T14:00:00+00:00,175
3,2026-05-04T14:00:00+00:00,28
4,2026-05-04T14:00:00+00:00,12
5,2026-05-04T14:00:00+00:00,4
6,2026-05-04T14:00:00+00:00,3
7,2026-05-04T14:00:00+00:00,4
8,2026-05-04T14:00:00+00:00,2
9,2026-05-04T14:00:00+00:00,3
10,2026-05-04T14:00:00+00:00,9
11,2026-05-04T14:00:00+00:00,89
12,2026-05-04T14:00:00+00:00,3
1,2026-05-04T15:00:00+00:00,559
2,2026-05-04T15:00:00+00:00,158
3,2026-05-04T15:00:00+00:00,96
4,2026-05-04T15:00:00+00:00,79
5,2026-05-04T15:00:00+00:00,28
6,2026-05-04T15:00:00+00:00,22
7,2026-05-04T15:00:00+00:00,19
8,2026-05-04T15:00:00+00:00,42
9,2026-05-04T15:00:00+00:00,49
10,2026-05-04T15:00:00+00:00,32
11,2026-05-04T15:00:00+00:00,58
12,2026-05-04T15:00:00+00:00,11
1,2026-05-04T16:00:00+00:00,420
2,2026-05-04T16:00:00+00:00,147
3,2026-05-04T16:00:00+00:00,93
4,2026-05-04T16:00:00+00:00,70
5,2026-05-04T16:00:00+00:00,24
6,2026-05-04T16:00:00+00:00,22
7,2026-05-04T16:00:00+00:00,24
8,2026-05-04T16:00:00+00:00,42
9,2026-05-04T16:00:00+00:00,59
10,2026-05-04T16:00:00+00:00,32
11,2026-05-04T16:00:00+00:00,63
12,2026-05-04T16:00:00+00:00,8
1,2026-05-04T17:00:00+00:00,497
2,2026-05-04T17:00:00+00:00,144
3,2026-05-04T17:00:00+00:00,79
4,2026-05-04T17:00:00+00:00,105
5,2026-05-04T17:00:00+00:00,30
6,2026-05-04T17:00:00+00:00,16
7,2026-05-04T17:00:00+00:00,21
8,2026-05-04T17:00:00+00:00,32
9,2026-05-04T17:00:00+00:00,45
10,2026-05-04T17:00:00+00:00,39
11,2026-05-04T17:00:00+00:00,77
12,2026-05-04T17:00:00+00:00,9
1,2026-05-04T18:00:00+00:00,45
2,2026-05-04T18:00:00+00:00,39
3,2026-05-04T18:00:00+00:00,4
4,2026-05-04T18:00:00+00:00,14
5,2026-05-04T18:00:00+00:00,6
6,2026-05-04T18:00:00+00:00,2
7,2026-05-04T18:00:00+00:00,6
8,2026-05-04T18:00:00+00:00,7
9,2026-05-04T18:00:00+00:00,37
10,2026-05-04T18:00:00+00:00,17
11,2026-05-04T18:00:00+00:00,63
12,2026-05-04T18:00:00+00:00,12
1,2026-05-04T19:00:00+00:00,29
2,2026-05-04T19:00:00+00:00,7
3,2026-05-04T19:00:00+00:00,23
4,2026-05-04T19:00:00+00:00,10
5,2026-05-04T19:00:00+00:00,7
6,2026-05-04T19:00:00+00:00,4
7,2026-05-04T19:00:00+00:00,5
8,2026-05-04T19:00:00+00:00,7
9,2026-05-04T19:00:00+00:00,51
10,2026-05-04T19:00:00+00:00,8
11,2026-05-04T19:00:00+00:00,274
12,2026-05-04T19:00:00+00:00,13
1,2026-05-04T20:00:00+00:00,24
2,2026-05-04T20:00:00+00:00,0
3,2026-05-04T20:00:00+00:00,2
4,2026-05-04T20:00:00+00:00,4
5,2026-05-04T20:00:00+00:00,2
6,2026-05-04T20:00:00+00:00,6
7,2026-05-04T20:00:00+00:00,4
8,2026-05-04T20:00:00+00:00,13
9,2026-05-04T20:00:00+00:00,63
10,2026-05-04T20:00:00+00:00,9
11,2026-05-04T20:00:00+00:00,217
12,2026-05-04T20:00:00+00:00,11
1,2026-05-04T21:00:00+00:00,476
2,2026-05-04T21:00:00+00:00,136
3,2026-05-04T21:00:00+00:00,81
4,2026-05-04T21:00:00+00:00,86
5,2026-05-04T21:00:00+00:00,26
6,2026-05-04T21:00:00+00:00,19
7,2026-05-04T21:00:00+00:00,19
8,2026-05-04T21:00:00+00:00,42
9,2026-05-04T21:00:00+00:00,43
10,2026-05-04T21:00:00+00:00,38
11,2026-05-04T21:00:00+00:00,36
12,2026-05-04T21:00:00+00:00,14
1,2026-05-04T22:00:00+00:00,447
2,2026-05-04T22:00:00+00:00,167
3,2026-05-04T22:00:00+00:00,90
4,2026-05-04T22:00:00+00:00,91
5,2026-05-04T22:00:00+00:00,32
6,2026-05-04T22:00:00+00:00,19
7,2026-05-04T22:00:00+00:00,23
8,2026-05-04T22:00:00+00:00,31
9,2026-05-04T22:00:00+00:00,41
10,2026-05-04T22:00:00+00:00,47
11,2026-05-04T22:00:00+00:00,64
12,2026-05-04T22:00:00+00:00,12
1,2026-05-04T23:00:00+00:00,242
2,2026-05-04T23:00:00+00:00,108
3,2026-05-04T23:00:00+00:00,5
4,2026-05-04T23:00:00+00:00,3
5,2026-05-04T23:00:00+00:00,3
6,2026-05-04T23:00:00+00:00,5
7,2026-05-04T23:00:00+00:00,0
8,2026-05-04T23:00:00+00:00,8
9,2026-05-04T23:00:00+00:00,46
10,2026-05-04T23:00:00+00:00,6
11,2026-05-04T23:00:00+00:00,69
12,2026-05-04T23:00:00+00:00,13
1,2026-05-05T00:00:00+00:00,0
2,2026-05-05T00:00:00+00:00,0
3,2026-05-05T00:00:00+00:00,18
4,2026-05-05T00:00:00+00:00,0
5,2026-05-05T00:00:00+00:00,4
6,2026-05-05T00:00:00+00:00,2
7,2026-05-05T00:00:00+00:00,4
8,2026-05-05T00:00:00+00:00,8
9,2026-05-05T00:00:00+00:00,45
10,2026-05-05T00:00:00+00:00,14
11,2026-05-05T00:00:00+00:00,50
12,2026-05-05T00:00:00+00:00,0
1,2026-05-05T01:00:00+00:00,0
2,2026-05-05T01:00:00+00:00,21
3,2026-05-05T01:00:00+00:00,17
4,2026-05-05T01:00:00+00:00,25
5,2026-05-05T01:00:00+00:00,3
6,2026-05-05T01:00:00+00:00,4
7,2026-05-05T01:00:00+00:00,4
8,2026-05-05T01:00:00+00:00,7
9,2026-05-05T01:00:00+00:00,5
10,2026-05-05T01:00:00+00:00,0
11,2026-05-05T01:00:00+00:00,19
12,2026-05-05T01:00:00+00:00,2
1,2026-05-05T14:00:00+00:00,564
2,2026-05-05T14:00:00+00:00,200
3,2026-05-05T14:00:00+00:00,8
4,2026-05-05T14:00:00+00:00,11
5,2026-05-05T14:00:00+00:00,6
6,2026-05-05T14:00:00+00:00,9
7,2026-05-05T14:00:00+00:00,0
8,2026-05-05T14:00:00+00:00,9
9,2026-05-05T14:00:00+00:00,0
10,2026-05-05T14:00:00+00:00,0
11,2026-05-05T14:00:00+00:00,0
12,2026-05-05T14:00:00+00:00,0
1,2026-05-05T15:00:00+00:00,561
2,2026-05-05T15:00:00+00:00,156
3,2026-05-05T15:00:00+00:00,87
4,2026-05-05T15:00:00+00:00,78
5,2026-05-05T15:00:00+00:00,29
6,2026-05-05T15:00:00+00:00,18
7,2026-05-05T15:00:00+00:00,24
8,2026-05-05T15:00:00+00:00,31
9,2026-05-05T15:00:00+00:00,38
10,2026-05-05T15:00:00+00:00,42
11,2026-05-05T15:00:00+00:00,45
12,2026-05-05T15:00:00+00:00,15
1,2026-05-05T16:00:00+00:00,425
2,2026-05-05T16:00:00+00:00,120
3,2026-05-05T16:00:00+00:00,84
4,2026-05-05T16:00:00+00:00,84
5,2026-05-05T16:00:00+00:00,30
6,2026-05-05T16:00:00+00:00,21
7,2026-05-05T16:00:00+00:00,20
8,2026-05-05T16:00:00+00:00,38
9,2026-05-05T16:00:00+00:00,40
10,2026-05-05T16:00:00+00:00,41
11,2026-05-05T16:00:00+00:00,49
12,2026-05-05T16:00:00+00:00,15
1,2026-05-05T17:00:00+00:00,415
2,2026-05-05T17:00:00+00:00,134
3,2026-05-05T17:00:00+00:00,79
4,2026-05-05T17:00:00+00:00,96
5,2026-05-05T17:00:00+00:00,26
6,2026-05-05T17:00:00+00:00,21
7,2026-05-05T17:00:00+00:00,16
8,2026-05-05T17:00:00+00:00,39
9,2026-05-05T17:00:00+00:00,34
10,2026-05-05T17:00:00+00:00,38
11,2026-05-05T17:00:00+00:00,70
12,2026-05-05T17:00:00+00:00,9
1,2026-05-05T18:00:00+00:00,26
2,2026-05-05T18:00:00+00:00,11
3,2026-05-05T18:00:00+00:00,2
4,2026-05-05T18:00:00+00:00,24
5,2026-05-05T18:00:00+00:00,10
6,2026-05-05T18:00:00+00:00,0
7,2026-05-05T18:00:00+00:00,1
8,2026-05-05T18:00:00+00:00,10
9,2026-05-05T18:00:00+00:00,34
10,2026-05-05T18:00:00+00:00,7
11,2026-05-05T18:00:00+00:00,48
12,2026-05-05T18:00:00+00:00,13
1,2026-05-05T19:00:00+00:00,49
2,2026-05-05T19:00:00+00:00,21
3,2026-05-05T19:00:00+00:00,4
4,2026-05-05T19:00:00+00:00,24
5,2026-05-05T19:00:00+00:00,4
6,2026-05-05T19:00:00+00:00,5
7,2026-05-05T19:00:00+00:00,3
8,2026-05-05T19:00:00+00:00,7
9,2026-05-05T19:00:00+00:00,43
10,2026-05-05T19:00:00+00:00,8
11,2026-05-05T19:00:00+00:00,230
12,2026-05-05T19:00:00+00:00,14
1,2026-05-05T20:00:00+00:00,97
2,2026-05-05T20:00:00+00:00,13
3,2026-05-05T20:00:00+00:00,19
4,2026-05-05T20:00:00+00:00,20
5,2026-05-05T20:00:00+00:00,8
6,2026-05-05T20:00:00+00:00,5
7,2026-05-05T20:00:00+00:00,5
8,2026-05-05T20:00:00+00:00,10
9,2026-05-05T20:00:00+00:00,45
10,2026-05-05T20:00:00+00:00,4
11,2026-05-05T20:00:00+00:00,255
12,2026-05-05T20:00:00+00:00,8
1,2026-05-05T21:00:00+00:00,479
2,2026-05-05T21:00:00+00:00,166
3,2026-05-05T21:00:00+00:00,95
4,2026-05-05T21:00:00+00:00,85
5,2026-05-05T21:00:00+00:00,30
6,2026-05-05T21:00:00+00:00,20
7,2026-05-05T21:00:00+00:00,18
8,2026-05-05T21:00:00+00:00,29
9,2026-05-05T21:00:00+00:00,37
10,2026-05-05T21:00:00+00:00,35
11,2026-05-05T21:00:00+00:00,60
12,2026-05-05T21:00:00+00:00,12
1,2026-05-05T22:00:00+00:00,507
2,2026-05-05T22:00:00+00:00,161
3,2026-05-05T22:00:00+00:00,94
4,2026-05-05T22:00:00+00:00,94
5,2026-05-05T22:00:00+00:00,25
6,2026-05-05T22:00:00+00:00,20
7,2026-05-05T22:00:00+00:00,19
8,2026-05-05T22:00:00+00:00,28
9,2026-05-05T22:00:00+00:00,50
10,2026-05-05T22:00:00+00:00,47
11,2026-05-05T22:00:00+00:00,44
12,2026-05-05T22:00:00+00:00,11
1,2026-05-05T23:00:00+00:00,352
2,2026-05-05T23:00:00+00:00,62
3,2026-05-05T23:00:00+00:00,13
4,2026-05-05T23:00:00+00:00,13
5,2026-05-05T23:00:00+00:00,4
6,2026-05-05T23:00:00+00:00,7
7,2026-05-05T23:00:00+00:00,6
8,2026-05-05T23:00:00+00:00,6
9,2026-05-05T23:00:00+00:00,44
10,2026-05-05T23:00:00+00:00,7
11,2026-05-05T23:00:00+00:00,32
12,2026-05-05T23:00:00+00:00,9
1,2026-05-06T00:00:00+00:00,96
2,2026-05-06T00:00:00+00:00,26
3,2026-05-06T00:00:00+00:00,19
4,2026-05-06T00:00:00+00:00,1
5,2026-05-06T00:00:00+00:00,12
6,2026-05-06T00:00:00+00:00,9
7,2026-05-06T00:00:00+00:00,4
8,2026-05-06T00:00:00+00:00,3
9,2026-05-06T00:00:00+00:00,38
10,2026-05-06T00:00:00+00:00,11
11,2026-05-06T00:00:00+00:00,23
12,2026-05-06T00:00:00+00:00,1
1,2026-05-06T01:00:00+00:00,82
2,2026-05-06T01:00:00+00:00,0
3,2026-05-06T01:00:00+00:00,31
4,2026-05-06T01:00:00+00:00,27
5,2026-05-06T01:00:00+00:00,2
6,2026-05-06T01:00:00+00:00,1
7,2026-05-06T01:00:00+00:00,3
8,2026-05-06T01:00:00+00:00,3
9,2026-05-06T01:00:00+00:00,2
10,2026-05-06T01:00:00+00:00,0
11,2026-05-06T01:00:00+00:00,0
12,2026-05-06T01:00:00+00:00,4
1,2026-05-06T14:00:00+00:00,456
2,2026-05-06T14:00:00+00:00,165
3,2026-05-06T14:00:00+00:00,0
4,2026-05-06T14:00:00+00:00,18
5,2026-05-06T14:00:00+00:00,5
6,2026-05-06T14:00:00+00:00,9
7,2026-05-06T14:00:00+00:00,4
8,2026-05-06T14:00:00+00:00,6
9,2026-05-06T14:00:00+00:00,9
10,2026-05-06T14:00:00+00:00,6
11,2026-05-06T14:00:00+00:00,12
12,2026-05-06T14:00:00+00:00,1
1,2026-05-06T15:00:00+00:00,501
2,2026-05-06T15:00:00+00:00,172
3,2026-05-06T15:00:00+00:00,93
4,2026-05-06T15:00:00+00:00,85
5,2026-05-06T15:00:00+00:00,29
6,2026-05-06T15:00:00+00:00,25
7,2026-05-06T15:00:00+00:00,18
8,2026-05-06T15:00:00+00:00,41
9,2026-05-06T15:00:00+00:00,43
10,2026-05-06T15:00:00+00:00,38
11,2026-05-06T15:00:00+00:00,103
12,2026-05-06T15:00:00+00:00,12
1,2026-05-06T16:00:00+00:00,485
2,2026-05-06T16:00:00+00:00,153
3,2026-05-06T16:00:00+00:00,73
4,2026-05-06T16:00:00+00:00,91
5,2026-05-06T16:00:00+00:00,26
6,2026-05-06T16:00:00+00:00,17
7,2026-05-06T16:00:00+00:00,16
8,2026-05-06T16:00:00+00:00,35
9,2026-05-06T16:00:00+00:00,49
10,2026-05-06T16:00:00+00:00,43
11,2026-05-06T16:00:00+00:00,37
12,2026-05-06T16:00:00+00:00,10
1,2026-05-06T17:00:00+00:00,372
2,2026-05-06T17:00:00+00:00,131
3,2026-05-06T17:00:00+00:00,80
4,2026-05-06T17:00:00+00:00,88
5,2026-05-06T17:00:00+00:00,27
6,2026-05-06T17:00:00+00:00,18
7,2026-05-06T17:00:00+00:00,20
8,2026-05-06T17:00:00+00:00,31
9,2026-05-06T17:00:00+00:00,44
10,2026-05-06T17:00:00+00:00,44
11,2026-05-06T17:00:00+00:00,49
12,2026-05-06T17:00:00+00:00,13
1,2026-05-06T18:00:00+00:00,0
2,2026-05-06T18:00:00+00:00,3
3,2026-05-06T18:00:00+00:00,14
4,2026-05-06T18:00:00+00:00,18
5,2026-05-06T18:00:00+00:00,0
6,2026-05-06T18:00:00+00:00,4
7,2026-05-06T18:00:00+00:00,7
8,2026-05-06T18:00:00+00:00,6
9,2026-05-06T18:00:00+00:00,44
10,2026-05-06T18:00:00+00:00,11
11,2026-05-06T18:00:00+00:00,50
12,2026-05-06T18:00:00+00:00,13
1,2026-05-06T19:00:00+00:00,63
2,2026-05-06T19:00:00+00:00,22
3,2026-05-06T19:00:00+00:00,4
4,2026-05-06T19:00:00+00:00,10
5,2026-05-06T19:00:00+00:00,10
6,2026-05-06T19:00:00+00:00,4
7,2026-05-06T19:00:00+00:00,4
8,2026-05-06T19:00:00+00:00,5
9,2026-05-06T19:00:00+00:00,51
10,2026-05-06T19:00:00+00:00,4
11,2026-05-06T19:00:00+00:00,276
12,2026-05-06T19:00:00+00:00,10
1,2026-05-06T20:00:00+00:00,0
2,2026-05-06T20:00:00+00:00,13
3,2026-05-06T20:00:00+00:00,13
4,2026-05-06T20:00:00+00:00,14
5,2026-05-06T20:00:00+00:00,9
6,2026-05-06T20:00:00+00:00,3
7,2026-05-06T20:00:00+00:00,5
8,2026-05-06T20:00:00+00:00,3
9,2026-05-06T20:00:00+00:00,55
10,2026-05-06T20:00:00+00:00,12
11,2026-05-06T20:00:00+00:00,267
12,2026-05-06T20:00:00+00:00,12
1,2026-05-06T21:00:00+00:00,442
2,2026-05-06T21:00:00+00:00,154
3,2026-05-06T21:00:00+00:00,88
4,2026-05-06T21:00:00+00:00,83
5,2026-05-06T21:00:00+00:00,28
6,2026-05-06T21:00:00+00:00,17
7,2026-05-06T21:00:00+00:00,21
8,2026-05-06T21:00:00+00:00,32
9,2026-05-06T21:00:00+00:00,36
10,2026-05-06T21:00:00+00:00,41
11,2026-05-06T21:00:00+00:00,0
12,2026-05-06T21:00:00+00:00,13
1,2026-05-06T22:00:00+00:00,520
2,2026-05-06T22:00:00+00:00,159
3,2026-05-06T22:00:00+00:00,74
4,2026-05-06T22:00:00+00:00,74
5,2026-05-06T22:00:00+00:00,27
6,2026-05-06T22:00:00+00:00,15
7,2026-05-06T22:00:00+00:00,21
8,2026-05-06T22:00:00+00:00,37
9,2026-05-06T22:00:00+00:00,42
10,2026-05-06T22:00:00+00:00,39
11,2026-05-06T22:00:00+00:00,49
12,2026-05-06T22:00:00+00:00,13
1,2026-05-06T23:00:00+00:00,352
2,2026-05-06T23:00:00+00:00,100
3,2026-05-06T23:00:00+00:00,5
4,2026-05-06T23:00:00+00:00,7
5,2026-05-06T23:00:00+00:00,6
6,2026-05-06T23:00:00+00:00,8
7,2026-05-06T23:00:00+00:00,3
8,2026-05-06T23:00:00+00:00,3
9,2026-05-06T23:00:00+00:00,38
10,2026-05-06T23:00:00+00:00,0
11,2026-05-06T23:00:00+00:00,52
12,2026-05-06T23:00:00+00:00,9
1,2026-05-07T00:00:00+00:00,0
2,2026-05-07T00:00:00+00:00,0
3,2026-05-07T00:00:00+00:00,1
4,2026-05-07T00:00:00+00:00,17
5,2026-05-07T00:00:00+00:00,1
6,2026-05-07T00:00:00+00:00,0
7,2026-05-07T00:00:00+00:00,4
8,2026-05-07T00:00:00+00:00,6
9,2026-05-07T00:00:00+00:00,48
10,2026-05-07T00:00:00+00:00,12
11,2026-05-07T00:00:00+00:00,44
12,2026-05-07T00:00:00+00:00,0
1,2026-05-07T01:00:00+00:00,24
2,2026-05-07T01:00:00+00:00,18
3,2026-05-07T01:00:00+00:00,6
4,2026-05-07T01:00:00+00:00,0
5,2026-05-07T01:00:00+00:00,9
6,2026-05-07T01:00:00+00:00,3
7,2026-05-07T01:00:00+00:00,3
8,2026-05-07T01:00:00+00:00,7
9,2026-05-07T01:00:00+00:00,13
10,2026-05-07T01:00:00+00:00,10
11,2026-05-07T01:00:00+00:00,0
12,2026-05-07T01:00:00+00:00,2
1,2026-05-05T14:00:00+00:00,600
2,2026-05-05T14:00:00+00:00,192
3,2026-05-05T14:00:00+00:00,18
4,2026-05-05T14:00:00+00:00,1
5,2026-05-05T14:00:00+00:00,18
6,2026-05-05T14:00:00+00:00,1
7,2026-05-05T14:00:00+00:00,3
8,2026-05-05T14:00:00+00:00,4
9,2026-05-05T14:00:00+00:00,18
10,2026-05-05T14:00:00+00:00,11
11,2026-05-05T14:00:00+00:00,10
12,2026-05-05T14:00:00+00:00,1
1,2026-05-05T15:00:00+00:00,536
2,2026-05-05T15:00:00+00:00,164
3,2026-05-05T15:00:00+00:00,78
4,2026-05-05T15:00:00+00:00,83
5,2026-05-05T15:00:00+00:00,26
6,2026-05-05T15:00:00+00:00,21
7,2026-05-05T15:00:00+00:00,19
8,2026-05-05T15:00:00+00:00,37
9,2026-05-05T15:00:00+00:00,37
10,2026-05-05T15:00:00+00:00,33
11,2026-05-05T15:00:00+00:00,27
12,2026-05-05T15:00:00+00:00,15
1,2026-05-05T16:00:00+00:00,392
2,2026-05-05T16:00:00+00:00,177
3,2026-05-05T16:00:00+00:00,94
4,2026-05-05T16:00:00+00:00,78
5,2026-05-05T16:00:00+00:00,25
6,2026-05-05T16:00:00+00:00,21
7,2026-05-05T16:00:00+00:00,18
8,2026-05-05T16:00:00+00:00,44
9,2026-05-05T16:00:00+00:00,37
10,2026-05-05T16:00:00+00:00,45
11,2026-05-05T16:00:00+00:00,80
12,2026-05-05T16:00:00+00:00,12
1,2026-05-05T17:00:00+00:00,372
2,2026-05-05T17:00:00+00:00,135
3,2026-05-05T17:00:00+00:00,93
4,2026-05-05T17:00:00+00:00,98
5,2026-05-05T17:00:00+00:00,28
6,2026-05-05T17:00:00+00:00,17
7,2026-05-05T17:00:00+00:00,21
8,2026-05-05T17:00:00+00:00,32
9,2026-05-05T17:00:00+00:00,27
10,2026-05-05T17:00:00+00:00,38
11,2026-05-05T17:00:00+00:00,10
12,2026-05-05T17:00:00+00:00,13
1,2026-05-05T18:00:00+00:00,123
2,2026-05-05T18:00:00+00:00,39
3,2026-05-05T18:00:00+00:00,6
4,2026-05-05T18:00:00+00:00,7
5,2026-05-05T18:00:00+00:00,8
6,2026-05-05T18:00:00+00:00,7
7,2026-05-05T18:00:00+00:00,3
8,2026-05-05T18:00:00+00:00,6
9,2026-05-05T18:00:00+00:00,62
10,2026-05-05T18:00:00+00:00,8
11,2026-05-05T18:00:00+00:00,33
12,2026-05-05T18:00:00+00:00,12
1,2026-05-05T19:00:00+00:00,87
2,2026-05-05T19:00:00+00:00,3
3,2026-05-05T19:00:00+00:00,9
4,2026-05-05T19:00:00+00:00,0
5,2026-05-05T19:00:00+00:00,5
6,2026-05-05T19:00:00+00:00,9
7,2026-05-05T19:00:00+00:00,6
8,2026-05-05T19:00:00+00:00,7
9,2026-05-05T19:00:00+00:00,37
10,2026-05-05T19:00:00+00:00,7
11,2026-05-05T19:00:00+00:00,280
12,2026-05-05T19:00:00+00:00,11
1,2026-05-05T20:00:00+00:00,99
2,2026-05-05T20:00:00+00:00,0
3,2026-05-05T20:00:00+00:00,9
4,2026-05-05T20:00:00+00:00,28
5,2026-05-05T20:00:00+00:00,0
6,2026-05-05T20:00:00+00:00,7
7,2026-05-05T20:00:00+00:00,0
8,2026-05-05T20:00:00+00:00,7
9,2026-05-05T20:00:00+00:00,43
10,2026-05-05T20:00:00+00:00,12
11,2026-05-05T20:00:00+00:00,179
12,2026-05-05T20:00:00+00:00,8
1,2026-05-05T21:00:00+00:00,452
2,2026-05-05T21:00:00+00:00,160
3,2026-05-05T21:00:00+00:00,75
4,2026-05-05T21:00:00+00:00,81
5,2026-05-05T21:00:00+00:00,24
6,2026-05-05T21:00:00+00:00,20
7,2026-05-05T21:00:00+00:00,18
8,2026-05-05T21:00:00+00:00,35
9,2026-05-05T21:00:00+00:00,49
10,2026-05-05T21:00:00+00:00,48
11,2026-05-05T21:00:00+00:00,29
12,2026-05-05T21:00:00+00:00,11
1,2026-05-05T22:00:00+00:00,482
2,2026-05-05T22:00:00+00:00,155
3,2026-05-05T22:00:00+00:00,83
4,2026-05-05T22:00:00+00:00,69
5,2026-05-05T22:00:00+00:00,29
6,2026-05-05T22:00:00+00:00,18
7,2026-05-05T22:00:00+00:00,18
8,2026-05-05T22:00:00+00:00,28
9,2026-05-05T22:00:00+00:00,54
10,2026-05-05T22:00:00+00:00,41
11,2026-05-05T22:00:00+00:00,72
12,2026-05-05T22:00:00+00:00,13
1,2026-05-05T23:00:00+00:00,218
2,2026-05-05T23:00:00+00:00,82
3,2026-05-05T23:00:00+00:00,19
4,2026-05-05T23:00:00+00:00,4
5,2026-05-05T23:00:00+00:00,2
6,2026-05-05T23:00:00+00:00,4
7,2026-05-05T23:00:00+00:00,4
8,2026-05-05T23:00:00+00:00,3
9,2026-05-05T23:00:00+00:00,42
10,2026-05-05T23:00:00+00:00,6
11,2026-05-05T23:00:00+00:00,0
12,2026-05-05T23:00:00+00:00,13
1,2026-05-10T00:00:00+00:00,0
2,2026-05-10T00:00:00+00:00,30
3,2026-05-10T00:00:00+00:00,0
4,2026-05-10T00:00:00+00:00,0
5,2026-05-10T00:00:00+00:00,9
6,2026-05-10T00:00:00+00:00,0
7,2026-05-10T00:00:00+00:00,2
8,2026-05-10T00:00:00+00:00,9
9,2026-05-10T00:00:00+00:00,42
10,2026-05-10T00:00:00+00:00,1
11,2026-05-10T00:00:00+00:00,49
12,2026-05-10T00:00:00+00:00,0
1,2026-05-10T01:00:00+00:00,91
2,2026-05-10T01:00:00+00:00,19
3,2026-05-10T01:00:00+00:00,41
4,2026-05-10T01:00:00+00:00,0
5,2026-05-10T01:00:00+00:00,5
6,2026-05-10T01:00:00+00:00,1
7,2026-05-10T01:00:00+00:00,7
8,2026-05-10T01:00:00+00:00,10
9,2026-05-10T01:00:00+00:00,11
10,2026-05-10T01:00:00+00:00,5
11,2026-05-10T01:00:00+00:00,0
12,2026-05-10T01:00:00+00:00,0
1,2026-05-10T14:00:00+00:00,592
2,2026-05-10T14:00:00+00:00,178
3,2026-05-10T14:00:00+00:00,9
4,2026-05-10T14:00:00+00:00,20
5,2026-05-10T14:00:00+00:00,8
6,2026-05-10T14:00:00+00:00,6
7,2026-05-10T14:00:00+00:00,0
8,2026-05-10T14:00:00+00:00,4
9,2026-05-10T14:00:00+00:00,6
10,2026-05-10T14:00:00+00:00,10
11,2026-05-10T14:00:00+00:00,67
12,2026-05-10T14:00:00+00:00,0
1,2026-05-10T15:00:00+00:00,516
2,2026-05-10T15:00:00+00:00,200
3,2026-05-10T15:00:00+00:00,96
4,2026-05-10T15:00:00+00:00,98
5,2026-05-10T15:00:00+00:00,27
6,2026-05-10T15:00:00+00:00,22
7,2026-05-10T15:00:00+00:00,25
8,2026-05-10T15:00:00+00:00,35
9,2026-05-10T15:00:00+00:00,54
10,2026-05-10T15:00:00+00:00,37
11,2026-05-10T15:00:00+00:00,59
12,2026-05-10T15:00:00+00:00,14
1,2026-05-10T16:00:00+00:00,383
2,2026-05-10T16:00:00+00:00,157
3,2026-05-10T16:00:00+00:00,83
4,2026-05-10T16:00:00+00:00,82
5,2026-05-10T16:00:00+00:00,27
6,2026-05-10T16:00:00+00:00,25
7,2026-05-10T16:00:00+00:00,21
8,2026-05-10T16:00:00+00:00,38
9,2026-05-10T16:00:00+00:00,39
10,2026-05-10T16:00:00+00:00,42
11,2026-05-10T16:00:00+00:00,16
12,2026-05-10T16:00:00+00:00,11
1,2026-05-10T17:00:00+00:00,460
2,2026-05-10T17:00:00+00:00,139
3,2026-05-10T17:00:00+00:00,103
4,2026-05-10T17:00:00+00:00,88
5,2026-05-10T17:00:00+00:00,27
6,2026-05-10T17:00:00+00:00,24
7,2026-05-10T17:00:00+00:00,19
8,2026-05-10T17:00:00+00:00,28
9,2026-05-10T17:00:00+00:00,55
10,2026-05-10T17:00:00+00:00,43
11,2026-05-10T17:00:00+00:00,0
12,2026-05-10T17:00:00+00:00,12
1,2026-05-10T18:00:00+00:00,10
2,2026-05-10T18:00:00+00:00,37
3,2026-05-10T18:00:00+00:00,5
4,2026-05-10T18:00:00+00:00,6
5,2026-05-10T18:00:00+00:00,3
6,2026-05-10T18:00:00+00:00,1
7,2026-05-10T18:00:00+00:00,2
8,2026-05-10T18:00:00+00:00,1
9,2026-05-10T18:00:00+00:00,36
10,2026-05-10T18:00:00+00:00,1
11,2026-05-10T18:00:00+00:00,9
12,2026-05-10T18:00:00+00:00,9
1,2026-05-10T19:00:00+00:00,34
2,2026-05-10T19:00:00+00:00,9
3,2026-05-10T19:00:00+00:00,0
4,2026-05-10T19:00:00+00:00,16
5,2026-05-10T19:00:00+00:00,5
6,2026-05-10T19:00:00+00:00,3
7,2026-05-10T19:00:00+00:00,3
8,2026-05-10T19:00:00+00:00,13
9,2026-05-10T19:00:00+00:00,46
10,2026-05-10T19:00:00+00:00,11
11,2026-05-10T19:00:00+00:00,192
12,2026-05-10T19:00:00+00:00,11
1,2026-05-10T20:00:00+00:00,0
2,2026-05-10T20:00:00+00:00,3
3,2026-05-10T20:00:00+00:00,15
4,2026-05-10T20:00:00+00:00,5
5,2026-05-10T20:00:00+00:00,7
6,2026-05-10T20:00:00+00:00,2
7,2026-05-10T20:00:00+00:00,5
8,2026-05-10T20:00:00+00:00,1
9,2026-05-10T20:00:00+00:00,42
10,2026-05-10T20:00:00+00:00,11
11,2026-05-10T20:00:00+00:00,267
12,2026-05-10T20:00:00+00:00,12
1,2026-05-10T21:00:00+00:00,573
2,2026-05-10T21:00:00+00:00,153
3,2026-05-10T21:00:00+00:00,79
4,2026-05-10T21:00:00+00:00,57
5,2026-05-10T21:00:00+00:00,33
6,2026-05-10T21:00:00+00:00,20
7,2026-05-10T21:00:00+00:00,18
8,2026-05-10T21:00:00+00:00,40
9,2026-05-10T21:00:00+00:00,54
10,2026-05-10T21:00:00+00:00,42
11,2026-05-10T21:00:00+00:00,10
12,2026-05-10T21:00:00+00:00,13
1,2026-05-10T22:00:00+00:00,450
2,2026-05-10T22:00:00+00:00,141
3,2026-05-10T22:00:00+00:00,94
4,2026-05-10T22:00:00+00:00,63
5,2026-05-10T22:00:00+00:00,29
6,2026-05-10T22:00:00+00:00,22
7,2026-05-10T22:00:00+00:00,25
8,2026-05-10T22:00:00+00:00,36
9,2026-05-10T22:00:00+00:00,28
10,2026-05-10T22:00:00+00:00,37
11,2026-05-10T22:00:00+00:00,46
12,2026-05-10T22:00:00+00:00,13
1,2026-05-10T23:00:00+00:00,347
2,2026-05-10T23:00:00+00:00,68
3,2026-05-10T23:00:00+00:00,8
4,2026-05-10T23:00:00+00:00,21
5,2026-05-10T23:00:00+00:00,10
6,2026-05-10T23:00:00+00:00,8
7,2026-05-10T23:00:00+00:00,3
8,2026-05-10T23:00:00+00:00,11
9,2026-05-10T23:00:00+00:00,58
10,2026-05-10T23:00:00+00:00,14
11,2026-05-10T23:00:00+00:00,62
12,2026-05-10T23:00:00+00:00,14
1,2026-05-11T00:00:00+00:00,0
2,2026-05-11T00:00:00+00:00,0
3,2026-05-11T00:00:00+00:00,21
4,2026-05-11T00:00:00+00:00,8
5,2026-05-11T00:00:00+00:00,5
6,2026-05-11T00:00:00+00:00,3
7,2026-05-11T00:00:00+00:00,3
8,2026-05-11T00:00:00+00:00,8
9,2026-05-11T00:00:00+00:00,36
10,2026-05-11T00:00:00+00:00,9
11,2026-05-11T00:00:00+00:00,50
12,2026-05-11T00:00:00+00:00,1
1,2026-05-11T01:00:00+00:00,0
2,2026-05-11T01:00:00+00:00,22
3,2026-05-11T01:00:00+00:00,29
4,2026-05-11T01:00:00+00:00,6
5,2026-05-11T01:00:00+00:00,9
6,2026-05-11T01:00:00+00:00,6
7,2026-05-11T01:00:00+00:00,0
8,2026-05-11T01:00:00+00:00,4
9,2026-05-11T01:00:00+00:00,0
10,2026-05-11T01:00:00+00:00,12
11,2026-05-11T01:00:00+00:00,4
12,2026-05-11T01:00:00+00:00,2
1,2026-05-11T14:00:00+00:00,540
2,2026-05-11T14:00:00+00:00,155
3,2026-05-11T14:00:00+00:00,4
4,2026-05-11T14:00:00+00:00,0
5,2026-05-11T14:00:00+00:00,5
6,2026-05-11T14:00:00+00:00,4
7,2026-05-11T14:00:00+00:00,4
8,2026-05-11T14:00:00+00:00,4
9,2026-05-11T14:00:00+00:00,12
10,2026-05-11T14:00:00+00:00,13
11,2026-05-11T14:00:00+00:00,82
12,2026-05-11T14:00:00+00:00,2
1,2026-05-11T15:00:00+00:00,518
2,2026-05-11T15:00:00+00:00,180
3,2026-05-11T15:00:00+00:00,95
4,2026-05-11T15:00:00+00:00,83
5,2026-05-11T15:00:00+00:00,32
6,2026-05-11T15:00:00+00:00,25
7,2026-05-11T15:00:00+00:00,25
8,2026-05-11T15:00:00+00:00,35
9,2026-05-11T15:00:00+00:00,47
10,2026-05-11T15:00:00+00:00,43
11,2026-05-11T15:00:00+00:00,44
12,2026-05-11T15:00:00+00:00,13
1,2026-05-11T16:00:00+00:00,414
2,2026-05-11T16:00:00+00:00,136
3,2026-05-11T16:00:00+00:00,106
4,2026-05-11T16:00:00+00:00,91
5,2026-05-11T16:00:00+00:00,28
6,2026-05-11T16:00:00+00:00,23
7,2026-05-11T16:00:00+00:00,21
8,2026-05-11T16:00:00+00:00,36
9,2026-05-11T16:00:00+00:00,44
10,2026-05-11T16:00:00+00:00,36
11,2026-05-11T16:00:00+00:00,44
12,2026-05-11T16:00:00+00:00,10
1,2026-05-11T17:00:00+00:00,430
2,2026-05-11T17:00:00+00:00,121
3,2026-05-11T17:00:00+00:00,98
4,2026-05-11T17:00:00+00:00,97
5,2026-05-11T17:00:00+00:00,28
6,2026-05-11T17:00:00+00:00,20
7,2026-05-11T17:00:00+00:00,21
8,2026-05-11T17:00:00+00:00,27
9,2026-05-11T17:00:00+00:00,36
10,2026-05-11T17:00:00+00:00,41
11,2026-05-11T17:00:00+00:00,53
12,2026-05-11T17:00:00+00:00,12
1,2026-05-11T18:00:00+00:00,0
2,2026-05-11T18:00:00+00:00,12
3,2026-05-11T18:00:00+00:00,7
4,2026-05-11T18:00:00+00:00,1
5,2026-05-11T18:00:00+00:00,7
6,2026-05-11T18:00:00+00:00,3
7,2026-05-11T18:00:00+00:00,7
8,2026-05-11T18:00:00+00:00,10
9,2026-05-11T18:00:00+00:00,50
10,2026-05-11T18:00:00+00:00,10
11,2026-05-11T18:00:00+00:00,24
12,2026-05-11T18:00:00+00:00,10
1,2026-05-11T19:00:00+00:00,0
2,2026-05-11T19:00:00+00:00,66
3,2026-05-11T19:00:00+00:00,1
4,2026-05-11T19:00:00+00:00,9
5,2026-05-11T19:00:00+00:00,4
6,2026-05-11T19:00:00+00:00,3
7,2026-05-11T19:00:00+00:00,3
8,2026-05-11T19:00:00+00:00,0
9,2026-05-11T19:00:00+00:00,37
10,2026-05-11T19:00:00+00:00,2
11,2026-05-11T19:00:00+00:00,251
12,2026-05-11T19:00:00+00:00,11
1,2026-05-11T20:00:00+00:00,0
2,2026-05-11T20:00:00+00:00,13
3,2026-05-11T20:00:00+00:00,6
4,2026-05-11T20:00:00+00:00,20
5,2026-05-11T20:00:00+00:00,4
6,2026-05-11T20:00:00+00:00,5
7,2026-05-11T20:00:00+00:00,1
8,2026-05-11T20:00:00+00:00,10
9,2026-05-11T20:00:00+00:00,41
10,2026-05-11T20:00:00+00:00,10
11,2026-05-11T20:00:00+00:00,262
12,2026-05-11T20:00:00+00:00,12
1,2026-05-11T21:00:00+00:00,490
2,2026-05-11T21:00:00+00:00,153
3,2026-05-11T21:00:00+00:00,96
4,2026-05-11T21:00:00+00:00,92
5,2026-05-11T21:00:00+00:00,29
6,2026-05-11T21:00:00+00:00,18
7,2026-05-11T21:00:00+00:00,18
8,2026-05-11T21:00:00+00:00,32
9,2026-05-11T21:00:00+00:00,43
10,2026-05-11T21:00:00+00:00,44
11,2026-05-11T21:00:00+00:00,23
12,2026-05-11T21:00:00+00:00,14
1,2026-05-11T22:00:00+00:00,480
2,2026-05-11T22:00:00+00:00,127
3,2026-05-11T22:00:00+00:00,79
4,2026-05-11T22:00:00+00:00,59
5,2026-05-11T22:00:00+00:00,25
6,2026-05-11T22:00:00+00:00,19
7,2026-05-11T22:00:00+00:00,19
8,2026-05-11T22:00:00+00:00,33
9,2026-05-11T22:00:00+00:00,41
10,2026-05-11T22:00:00+00:00,39
11,2026-05-11T22:00:00+00:00,81
12,2026-05-11T22:00:00+00:00,14
1,2026-05-11T23:00:00+00:00,245
2,2026-05-11T23:00:00+00:00,120
3,2026-05-11T23:00:00+00:00,0
4,2026-05-11T23:00:00+00:00,4
5,2026-05-11T23:00:00+00:00,10
6,2026-05-11T23:00:00+00:00,0
7,2026-05-11T23:00:00+00:00,5
8,2026-05-11T23:00:00+00:00,2
9,2026-05-11T23:00:00+00:00,43
10,2026-05-11T23:00:00+00:00,8
11,2026-05-11T23:00:00+00:00,85
12,2026-05-11T23:00:00+00:00,10
1,2026-05-12T00:00:00+00:00,26
2,2026-05-12T00:00:00+00:00,20
3,2026-05-12T00:00:00+00:00,9
4,2026-05-12T00:00:00+00:00,4
5,2026-05-12T00:00:00+00:00,5
6,2026-05-12T00:00:00+00:00,4
7,2026-05-12T00:00:00+00:00,6
8,2026-05-12T00:00:00+00:00,3
9,2026-05-12T00:00:00+00:00,41
10,2026-05-12T00:00:00+00:00,10
11,2026-05-12T00:00:00+00:00,40
12,2026-05-12T00:00:00+00:00,0
1,2026-05-12T01:00:00+00:00,29
2,2026-05-12T01:00:00+00:00,0
3,2026-05-12T01:00:00+00:00,4
4,2026-05-12T01:00:00+00:00,16
5,2026-05-12T01:00:00+00:00,2
6,2026-05-12T01:00:00+00:00,7
7,2026-05-12T01:00:00+00:00,5
8,2026-05-12T01:00:00+00:00,2
9,2026-05-12T01:00:00+00:00,7
10,2026-05-12T01:00:00+00:00,9
11,2026-05-12T01:00:00+00:00,18
12,2026-05-12T01:00:00+00:00,3
1,2026-05-12T14:00:00+00:00,492
2,2026-05-12T14:00:00+00:00,158
3,2026-05-12T14:00:00+00:00,6
4,2026-05-12T14:00:00+00:00,2
5,2026-05-12T14:00:00+00:00,3
6,2026-05-12T14:00:00+00:00,5
7,2026-05-12T14:00:00+00:00,4
8,2026-05-12T14:00:00+00:00,5
9,2026-05-12T14:00:00+00:00,0
10,2026-05-12T14:00:00+00:00,10
11,2026-05-12T14:00:00+00:00,32
12,2026-05-12T14:00:00+00:00,0
1,2026-05-12T15:00:00+00:00,502
2,2026-05-12T15:00:00+00:00,165
3,2026-05-12T15:00:00+00:00,79
4,2026-05-12T15:00:00+00:00,97
5,2026-05-12T15:00:00+00:00,30
6,2026-05-12T15:00:00+00:00,21
7,2026-05-12T15:00:00+00:00,21
8,2026-05-12T15:00:00+00:00,37
9,2026-05-12T15:00:00+00:00,44
10,2026-05-12T15:00:00+00:00,46
11,2026-05-12T15:00:00+00:00,84
12,2026-05-12T15:00:00+00:00,12
1,2026-05-12T16:00:00+00:00,441
2,2026-05-12T16:00:00+00:00,153
3,2026-05-12T16:00:00+00:00,86
4,2026-05-12T16:00:00+00:00,79
5,2026-05-12T16:00:00+00:00,30
6,2026-05-12T16:00:00+00:00,17
7,2026-05-12T16:00:00+00:00,25
8,2026-05-12T16:00:00+00:00,38
9,2026-05-12T16:00:00+00:00,46
10,2026-05-12T16:00:00+00:00,42
11,2026-05-12T16:00:00+00:00,87
12,2026-05-12T16:00:00+00:00,10
1,2026-05-12T17:00:00+00:00,364
2,2026-05-12T17:00:00+00:00,130
3,2026-05-12T17:00:00+00:00,87
4,2026-05-12T17:00:00+00:00,80
5,2026-05-12T17:00:00+00:00,28
6,2026-05-12T17:00:00+00:00,21
7,2026-05-12T17:00:00+00:00,19
8,2026-05-12T17:00:00+00:00,41
9,2026-05-12T17:00:00+00:00,33
10,2026-05-12T17:00:00+00:00,35
11,2026-05-12T17:00:00+00:00,54
12,2026-05-12T17:00:00+00:00,12
1,2026-05-12T18:00:00+00:00,50
2,2026-05-12T18:00:00+00:00,0
3,2026-05-12T18:00:00+00:00,2
4,2026-05-12T18:00:00+00:00,5
5,2026-05-12T18:00:00+00:00,3
6,2026-05-12T18:00:00+00:00,5
7,2026-05-12T18:00:00+00:00,3
8,2026-05-12T18:00:00+00:00,10
9,2026-05-12T18:00:00+00:00,49
10,2026-05-12T18:00:00+00:00,13
11,2026-05-12T18:00:00+00:00,66
12,2026-05-12T18:00:00+00:00,14
1,2026-05-12T19:00:00+00:00,96
2,2026-05-12T19:00:00+00:00,11
3,2026-05-12T19:00:00+00:00,9
4,2026-05-12T19:00:00+00:00,0
5,2026-05-12T19:00:00+00:00,6
6,2026-05-12T19:00:00+00:00,2
7,2026-05-12T19:00:00+00:00,5
8,2026-05-12T19:00:00+00:00,9
9,2026-05-12T19:00:00+00:00,34
10,2026-05-12T19:00:00+00:00,4
11,2026-05-12T19:00:00+00:00,246
12,2026-05-12T19:00:00+00:00,11
1,2026-05-12T20:00:00+00:00,38
2,2026-05-12T20:00:00+00:00,0
3,2026-05-12T20:00:00+00:00,12
4,2026-05-12T20:00:00+00:00,0
5,2026-05-12T20:00:00+00:00,0
6,2026-05-12T20:00:00+00:00,6
7,2026-05-12T20:00:00+00:00,1
8,2026-05-12T20:00:00+00:00,5
9,2026-05-12T20:00:00+00:00,33
10,2026-05-12T20:00:00+00:00,2
11,2026-05-12T20:00:00+00:00,245
12,2026-05-12T20:00:00+00:00,11
1,2026-05-12T21:00:00+00:00,527
2,2026-05-12T21:00:00+00:00,167
3,2026-05-12T21:00:00+00:00,81
4,2026-05-12T21:00:00+00:00,91
5,2026-05-12T21:00:00+00:00,31
6,2026-05-12T21:00:00+00:00,21
7,2026-05-12T21:00:00+00:00,20
8,2026-05-12T21:00:00+00:00,39
9,2026-05-12T21:00:00+00:00,59
10,2026-05-12T21:00:00+00:00,45
11,2026-05-12T21:00:00+00:00,87
12,2026-05-12T21:00:00+00:00,14
1,2026-05-12T22:00:00+00:00,520
2,2026-05-12T22:00:00+00:00,142
3,2026-05-12T22:00:00+00:00,73
4,2026-05-12T22:00:00+00:00,83
5,2026-05-12T22:00:00+00:00,22
6,2026-05-12T22:00:00+00:00,19
7,2026-05-12T22:00:00+00:00,23
8,2026-05-12T22:00:00+00:00,32
9,2026-05-12T22:00:00+00:00,49
10,2026-05-12T22:00:00+00:00,35
11,2026-05-12T22:00:00+00:00,33
12,2026-05-12T22:00:00+00:00,14
1,2026-05-12T23:00:00+00:00,310
2,2026-05-12T23:00:00+00:00,104
3,2026-05-12T23:00:00+00:00,28
4,2026-05-12T23:00:00+00:00,24
5,2026-05-12T23:00:00+00:00,3
6,2026-05-12T23:00:00+00:00,7
7,2026-05-12T23:00:00+00:00,3
8,2026-05-12T23:00:00+00:00,7
9,2026-05-12T23:00:00+00:00,45
10,2026-05-12T23:00:00+00:00,14
11,2026-05-12T23:00:00+00:00,17
12,2026-05-12T23:00:00+00:00,13
1,2026-05-13T00:00:00+00:00,55
2,2026-05-13T00:00:00+00:00,22
3,2026-05-13T00:00:00+00:00,9
4,2026-05-13T00:00:00+00:00,21
5,2026-05-13T00:00:00+00:00,3
6,2026-05-13T00:00:00+00:00,7
7,2026-05-13T00:00:00+00:00,5
8,2026-05-13T00:00:00+00:00,1
9,2026-05-13T00:00:00+00:00,48
10,2026-05-13T00:00:00+00:00,9
11,2026-05-13T00:00:00+00:00,36
12,2026-05-13T00:00:00+00:00,0
1,2026-05-13T01:00:00+00:00,18
2,2026-05-13T01:00:00+00:00,0
3,2026-05-13T01:00:00+00:00,28
4,2026-05-13T01:00:00+00:00,1
5,2026-05-13T01:00:00+00:00,3
6,2026-05-13T01:00:00+00:00,7
7,2026-05-13T01:00:00+00:00,5
8,2026-05-13T01:00:00+00:00,10
9,2026-05-13T01:00:00+00:00,17
10,2026-05-13T01:00:00+00:00,7
11,2026-05-13T01:00:00+00:00,0
12,2026-05-13T01:00:00+00:00,2
1,2026-05-13T14:00:00+00:00,548
2,2026-05-13T14:00:00+00:00,164
3,2026-05-13T14:00:00+00:00,0
4,2026-05-13T14:00:00+00:00,23
5,2026-05-13T14:00:00+00:00,7
6,2026-05-13T14:00:00+00:00,1
7,2026-05-13T14:00:00+00:00,6
8,2026-05-13T14:00:00+00:00,1
9,2026-05-13T14:00:00+00:00,1
10,2026-05-13T14:00:00+00:00,3
11,2026-05-13T14:00:00+00:00,29
12,2026-05-13T14:00:00+00:00,0
1,2026-05-13T15:00:00+00:00,480
2,2026-05-13T15:00:00+00:00,181
3,2026-05-13T15:00:00+00:00,92
4,2026-05-13T15:00:00+00:00,96
5,2026-05-13T15:00:00+00:00,31
6,2026-05-13T15:00:00+00:00,20
7,2026-05-13T15:00:00+00:00,21
8,2026-05-13T15:00:00+00:00,37
9,2026-05-13T15:00:00+00:00,58
10,2026-05-13T15:00:00+00:00,46
11,2026-05-13T15:00:00+00:00,78
12,2026-05-13T15:00:00+00:00,14
1,2026-05-13T16:00:00+00:00,470
2,2026-05-13T16:00:00+00:00,111
3,2026-05-13T16:00:00+00:00,98
4,2026-05-13T16:00:00+00:00,92
5,2026-05-13T16:00:00+00:00,28
6,2026-05-13T16:00:00+00:00,19
7,2026-05-13T16:00:00+00:00,19
8,2026-05-13T16:00:00+00:00,36
9,2026-05-13T16:00:00+00:00,51
10,2026-05-13T16:00:00+00:00,34
11,2026-05-13T16:00:00+00:00,50
12,2026-05-13T16:00:00+00:00,11
1,2026-05-13T17:00:00+00:00,374
2,2026-05-13T17:00:00+00:00,146
3,2026-05-13T17:00:00+00:00,86
4,2026-05-13T17:00:00+00:00,83
5,2026-05-13T17:00:00+00:00,25
6,2026-05-13T17:00:00+00:00,21
7,2026-05-13T17:00:00+00:00,20
8,2026-05-13T17:00:00+00:00,30
9,2026-05-13T17:00:00+00:00,38
10,2026-05-13T17:00:00+00:00,41
11,2026-05-13T17:00:00+00:00,54
12,2026-05-13T17:00:00+00:00,10
1,2026-05-13T18:00:00+00:00,53
2,2026-05-13T18:00:00+00:00,0
3,2026-05-13T18:00:00+00:00,38
4,2026-05-13T18:00:00+00:00,2
5,2026-05-13T18:00:00+00:00,3
6,2026-05-13T18:00:00+00:00,4
7,2026-05-13T18:00:00+00:00,2
8,2026-05-13T18:00:00+00:00,10
9,2026-05-13T18:00:00+00:00,59
10,2026-05-13T18:00:00+00:00,7
11,2026-05-13T18:00:00+00:00,49
12,2026-05-13T18:00:00+00:00,11
1,2026-05-13T19:00:00+00:00,59
2,2026-05-13T19:00:00+00:00,42
3,2026-05-13T19:00:00+00:00,20
4,2026-05-13T19:00:00+00:00,3
5,2026-05-13T19:00:00+00:00,10
6,2026-05-13T19:00:00+00:00,7
7,2026-05-13T19:00:00+00:00,5
8,2026-05-13T19:00:00+00:00,4
9,2026-05-13T19:00:00+00:00,45
10,2026-05-13T19:00:00+00:00,5
11,2026-05-13T19:00:00+00:00,266
12,2026-05-13T19:00:00+00:00,11
1,2026-05-13T20:00:00+00:00,0
2,2026-05-13T20:00:00+00:00,24
3,2026-05-13T20:00:00+00:00,13
4,2026-05-13T20:00:00+00:00,22
5,2026-05-13T20:00:00+00:00,5
6,2026-05-13T20:00:00+00:00,4
7,2026-05-13T20:00:00+00:00,7
8,2026-05-13T20:00:00+00:00,9
9,2026-05-13T20:00:00+00:00,47
10,2026-05-13T20:00:00+00:00,24
11,2026-05-13T20:00:00+00:00,250
12,2026-05-13T20:00:00+00:00,12
1,2026-05-13T21:00:00+00:00,563
2,2026-05-13T21:00:00+00:00,147
3,2026-05-13T21:00:00+00:00,74
4,2026-05-13T21:00:00+00:00,70
5,2026-05-13T21:00:00+00:00,29
6,2026-05-13T21:00:00+00:00,22
7,2026-05-13T21:00:00+00:00,22
8,2026-05-13T21:00:00+00:00,29
9,2026-05-13T21:00:00+00:00,53
10,2026-05-13T21:00:00+00:00,47
11,2026-05-13T21:00:00+00:00,42
12,2026-05-13T21:00:00+00:00,12
1,2026-05-13T22:00:00+00:00,512
2,2026-05-13T22:00:00+00:00,165
3,2026-05-13T22:00:00+00:00,90
4,2026-05-13T22:00:00+00:00,73
5,2026-05-13T22:00:00+00:00,27
6,2026-05-13T22:00:00+00:00,18
7,2026-05-13T22:00:00+00:00,22
8,2026-05-13T22:00:00+00:00,37
9,2026-05-13T22:00:00+00:00,44
10,2026-05-13T22:00:00+00:00,43
11,2026-05-13T22:00:00+00:00,7
12,2026-05-13T22:00:00+00:00,14
1,2026-05-13T23:00:00+00:00,277
2,2026-05-13T23:00:00+00:00,102
3,2026-05-13T23:00:00+00:00,22
4,2026-05-13T23:00:00+00:00,4
5,2026-05-13T23:00:00+00:00,9
6,2026-05-13T23:00:00+00:00,4
7,2026-05-13T23:00:00+00:00,4
8,2026-05-13T23:00:00+00:00,9
9,2026-05-13T23:00:00+00:00,35
10,2026-05-13T23:00:00+00:00,11
11,2026-05-13T23:00:00+00:00,46
12,2026-05-13T23:00:00+00:00,14
1,2026-05-14T00:00:00+00:00,19
2,2026-05-14T00:00:00+00:00,4
3,2026-05-14T00:00:00+00:00,15
4,2026-05-14T00:00:00+00:00,11
5,2026-05-14T00:00:00+00:00,2
6,2026-05-14T00:00:00+00:00,4
7,2026-05-14T00:00:00+00:00,7
8,2026-05-14T00:00:00+00:00,7
9,2026-05-14T00:00:00+00:00,38
10,2026-05-14T00:00:00+00:00,12
11,2026-05-14T00:00:00+00:00,0
12,2026-05-14T00:00:00+00:00,0
1,2026-05-14T01:00:00+00:00,29
2,2026-05-14T01:00:00+00:00,12
3,2026-05-14T01:00:00+00:00,14
4,2026-05-14T01:00:00+00:00,3
5,2026-05-14T01:00:00+00:00,5
6,2026-05-14T01:00:00+00:00,1
7,2026-05-14T01:00:00+00:00,5
8,2026-05-14T01:00:00+00:00,1
9,2026-05-14T01:00:00+00:00,3
10,2026-05-14T01:00:00+00:00,10
11,2026-05-14T01:00:00+00:00,0
12,2026-05-14T01:00:00+00:00,0
1,2026-05-16T14:00:00+00:00,547
2,2026-05-16T14:00:00+00:00,194
3,2026-05-16T14:00:00+00:00,0
4,2026-05-16T14:00:00+00:00,15
5,2026-05-16T14:00:00+00:00,2
6,2026-05-16T14:00:00+00:00,1
7,2026-05-16T14:00:00+00:00,8
8,2026-05-16T14:00:00+00:00,10
9,2026-05-16T14:00:00+00:00,0
10,2026-05-16T14:00:00+00:00,10
11,2026-05-16T14:00:00+00:00,60
12,2026-05-16T14:00:00+00:00,1
1,2026-05-16T15:00:00+00:00,600
2,2026-05-16T15:00:00+00:00,179
3,2026-05-16T15:00:00+00:00,61
4,2026-05-16T15:00:00+00:00,87
5,2026-05-16T15:00:00+00:00,25
6,2026-05-16T15:00:00+00:00,20
7,2026-05-16T15:00:00+00:00,21
8,2026-05-16T15:00:00+00:00,32
9,2026-05-16T15:00:00+00:00,36
10,2026-05-16T15:00:00+00:00,48
11,2026-05-16T15:00:00+00:00,59
12,2026-05-16T15:00:00+00:00,11
1,2026-05-16T16:00:00+00:00,452
2,2026-05-16T16:00:00+00:00,150
3,2026-05-16T16:00:00+00:00,102
4,2026-05-16T16:00:00+00:00,79
5,2026-05-16T16:00:00+00:00,30
6,2026-05-16T16:00:00+00:00,19
7,2026-05-16T16:00:00+00:00,23
8,2026-05-16T16:00:00+00:00,34
9,2026-05-16T16:00:00+00:00,26
10,2026-05-16T16:00:00+00:00,42
11,2026-05-16T16:00:00+00:00,2
12,2026-05-16T16:00:00+00:00,12
1,2026-05-16T17:00:00+00:00,417
2,2026-05-16T17:00:00+00:00,133
3,2026-05-16T17:00:00+00:00,75
4,2026-05-16T17:00:00+00:00,79
5,2026-05-16T17:00:00+00:00,25
6,2026-05-16T17:00:00+00:00,20
7,2026-05-16T17:00:00+00:00,24
8,2026-05-16T17:00:00+00:00,37
9,2026-05-16T17:00:00+00:00,41
10,2026-05-16T17:00:00+00:00,48
11,2026-05-16T17:00:00+00:00,12
12,2026-05-16T17:00:00+00:00,13
1,2026-05-16T18:00:00+00:00,21
2,2026-05-16T18:00:00+00:00,13
3,2026-05-16T18:00:00+00:00,18
4,2026-05-16T18:00:00+00:00,5
5,2026-05-16T18:00:00+00:00,8
6,2026-05-16T18:00:00+00:00,4
7,2026-05-16T18:00:00+00:00,10
8,2026-05-16T18:00:00+00:00,6
9,2026-05-16T18:00:00+00:00,55
10,2026-05-16T18:00:00+00:00,12
11,2026-05-16T18:00:00+00:00,16
12,2026-05-16T18:00:00+00:00,15
1,2026-05-16T19:00:00+00:00,9
2,2026-05-16T19:00:00+00:00,0
3,2026-05-16T19:00:00+00:00,20
4,2026-05-16T19:00:00+00:00,22
5,2026-05-16T19:00:00+00:00,6
6,2026-05-16T19:00:00+00:00,3
7,2026-05-16T19:00:00+00:00,8
8,2026-05-16T19:00:00+00:00,10
9,2026-05-16T19:00:00+00:00,39
10,2026-05-16T19:00:00+00:00,12
11,2026-05-16T19:00:00+00:00,225
12,2026-05-16T19:00:00+00:00,11
1,2026-05-16T20:00:00+00:00,0
2,2026-05-16T20:00:00+00:00,0
3,2026-05-16T20:00:00+00:00,0
4,2026-05-16T20:00:00+00:00,23
5,2026-05-16T20:00:00+00:00,2
6,2026-05-16T20:00:00+00:00,3
7,2026-05-16T20:00:00+00:00,1
8,2026-05-16T20:00:00+00:00,10
9,2026-05-16T20:00:00+00:00,45
10,2026-05-16T20:00:00+00:00,11
11,2026-05-16T20:00:00+00:00,252
12,2026-05-16T20:00:00+00:00,10
1,2026-05-16T21:00:00+00:00,433
2,2026-05-16T21:00:00+00:00,173
3,2026-05-16T21:00:00+00:00,83
4,2026-05-16T21:00:00+00:00,91
5,2026-05-16T21:00:00+00:00,17
6,2026-05-16T21:00:00+00:00,23
7,2026-05-16T21:00:00+00:00,19
8,2026-05-16T21:00:00+00:00,43
9,2026-05-16T21:00:00+00:00,40
10,2026-05-16T21:00:00+00:00,42
11,2026-05-16T21:00:00+00:00,60
12,2026-05-16T21:00:00+00:00,10
1,2026-05-16T22:00:00+00:00,521
2,2026-05-16T22:00:00+00:00,149
3,2026-05-16T22:00:00+00:00,96
4,2026-05-16T22:00:00+00:00,91
5,2026-05-16T22:00:00+00:00,29
6,2026-05-16T22:00:00+00:00,19
7,2026-05-16T22:00:00+00:00,20
8,2026-05-16T22:00:00+00:00,36
9,2026-05-16T22:00:00+00:00,28
10,2026-05-16T22:00:00+00:00,39
11,2026-05-16T22:00:00+00:00,67
12,2026-05-16T22:00:00+00:00,9
1,2026-05-16T23:00:00+00:00,361
2,2026-05-16T23:00:00+00:00,89
3,2026-05-16T23:00:00+00:00,15
4,2026-05-16T23:00:00+00:00,0
5,2026-05-16T23:00:00+00:00,7
6,2026-05-16T23:00:00+00:00,5
7,2026-05-16T23:00:00+00:00,7
8,2026-05-16T23:00:00+00:00,12
9,2026-05-16T23:00:00+00:00,55
10,2026-05-16T23:00:00+00:00,10
11,2026-05-16T23:00:00+00:00,15
12,2026-05-16T23:00:00+00:00,15
1,2026-05-17T00:00:00+00:00,0
2,2026-05-17T00:00:00+00:00,2
3,2026-05-17T00:00:00+00:00,19
4,2026-05-17T00:00:00+00:00,16
5,2026-05-17T00:00:00+00:00,11
6,2026-05-17T00:00:00+00:00,4
7,2026-05-17T00:00:00+00:00,0
8,2026-05-17T00:00:00+00:00,6
9,2026-05-17T00:00:00+00:00,46
10,2026-05-17T00:00:00+00:00,7
11,2026-05-17T00:00:00+00:00,78
12,2026-05-17T00:00:00+00:00,0
1,2026-05-17T01:00:00+00:00,0
2,2026-05-17T01:00:00+00:00,17
3,2026-05-17T01:00:00+00:00,0
4,2026-05-17T01:00:00+00:00,28
5,2026-05-17T01:00:00+00:00,6
6,2026-05-17T01:00:00+00:00,1
7,2026-05-17T01:00:00+00:00,7
8,2026-05-17T01:00:00+00:00,16
9,2026-05-17T01:00:00+00:00,0
10,2026-05-17T01:00:00+00:00,13
11,2026-05-17T01:00:00+00:00,11
12,2026-05-17T01:00:00+00:00,1
1,2026-05-17T14:00:00+00:00,526
2,2026-05-17T14:00:00+00:00,177
3,2026-05-17T14:00:00+00:00,5
4,2026-05-17T14:00:00+00:00,25
5,2026-05-17T14:00:00+00:00,1
6,2026-05-17T14:00:00+00:00,9
7,2026-05-17T14:00:00+00:00,8
8,2026-05-17T14:00:00+00:00,2
9,2026-05-17T14:00:00+00:00,4
10,2026-05-17T14:00:00+00:00,15
11,2026-05-17T14:00:00+00:00,33
12,2026-05-17T14:00:00+00:00,0
1,2026-05-17T15:00:00+00:00,490
2,2026-05-17T15:00:00+00:00,188
3,2026-05-17T15:00:00+00:00,84
4,2026-05-17T15:00:00+00:00,89
5,2026-05-17T15:00:00+00:00,29
6,2026-05-17T15:00:00+00:00,20
7,2026-05-17T15:00:00+00:00,18
8,2026-05-17T15:00:00+00:00,29
9,2026-05-17T15:00:00+00:00,32
10,2026-05-17T15:00:00+00:00,36
11,2026-05-17T15:00:00+00:00,3
12,2026-05-17T15:00:00+00:00,11
1,2026-05-17T16:00:00+00:00,434
2,2026-05-17T16:00:00+00:00,140
3,2026-05-17T16:00:00+00:00,82
4,2026-05-17T16:00:00+00:00,80
5,2026-05-17T16:00:00+00:00,24
6,2026-05-17T16:00:00+00:00,17
7,2026-05-17T16:00:00+00:00,18
8,2026-05-17T16:00:00+00:00,37
9,2026-05-17T16:00:00+00:00,33
10,2026-05-17T16:00:00+00:00,42
11,2026-05-17T16:00:00+00:00,30
12,2026-05-17T16:00:00+00:00,17
1,2026-05-17T17:00:00+00:00,333
2,2026-05-17T17:00:00+00:00,143
3,2026-05-17T17:00:00+00:00,86
4,2026-05-17T17:00:00+00:00,82
5,2026-05-17T17:00:00+00:00,29
6,2026-05-17T17:00:00+00:00,21
7,2026-05-17T17:00:00+00:00,18
8,2026-05-17T17:00:00+00:00,36
9,2026-05-17T17:00:00+00:00,48
10,2026-05-17T17:00:00+00:00,48
11,2026-05-17T17:00:00+00:00,30
12,2026-05-17T17:00:00+00:00,15
1,2026-05-17T18:00:00+00:00,20
2,2026-05-17T18:00:00+00:00,0
3,2026-05-17T18:00:00+00:00,17
4,2026-05-17T18:00:00+00:00,11
5,2026-05-17T18:00:00+00:00,3
6,2026-05-17T18:00:00+00:00,6
7,2026-05-17T18:00:00+00:00,3
8,2026-05-17T18:00:00+00:00,11
9,2026-05-17T18:00:00+00:00,44
10,2026-05-17T18:00:00+00:00,12
11,2026-05-17T18:00:00+00:00,61
12,2026-05-17T18:00:00+00:00,13
1,2026-05-17T19:00:00+00:00,10
2,2026-05-17T19:00:00+00:00,34
3,2026-05-17T19:00:00+00:00,12
4,2026-05-17T19:00:00+00:00,31
5,2026-05-17T19:00:00+00:00,7
6,2026-05-17T19:00:00+00:00,6
7,2026-05-17T19:00:00+00:00,2
8,2026-05-17T19:00:00+00:00,5
9,2026-05-17T19:00:00+00:00,45
10,2026-05-17T19:00:00+00:00,3
11,2026-05-17T19:00:00+00:00,226
12,2026-05-17T19:00:00+00:00,12
1,2026-05-17T20:00:00+00:00,26
2,2026-05-17T20:00:00+00:00,13
3,2026-05-17T20:00:00+00:00,22
4,2026-05-17T20:00:00+00:00,8
5,2026-05-17T20:00:00+00:00,8
6,2026-05-17T20:00:00+00:00,4
7,2026-05-17T20:00:00+00:00,4
8,2026-05-17T20:00:00+00:00,8
9,2026-05-17T20:00:00+00:00,28
10,2026-05-17T20:00:00+00:00,9
11,2026-05-17T20:00:00+00:00,239
12,2026-05-17T20:00:00+00:00,10
1,2026-05-17T21:00:00+00:00,389
2,2026-05-17T21:00:00+00:00,152
3,2026-05-17T21:00:00+00:00,65
4,2026-05-17T21:00:00+00:00,92
5,2026-05-17T21:00:00+00:00,27
6,2026-05-17T21:00:00+00:00,16
7,2026-05-17T21:00:00+00:00,19
8,2026-05-17T21:00:00+00:00,38
9,2026-05-17T21:00:00+00:00,40
10,2026-05-17T21:00:00+00:00,40
11,2026-05-17T21:00:00+00:00,36
12,2026-05-17T21:00:00+00:00,12
1,2026-05-17T22:00:00+00:00,398
2,2026-05-17T22:00:00+00:00,159
3,2026-05-17T22:00:00+00:00,78
4,2026-05-17T22:00:00+00:00,112
5,2026-05-17T22:00:00+00:00,27
6,2026-05-17T22:00:00+00:00,19
7,2026-05-17T22:00:00+00:00,23
8,2026-05-17T22:00:00+00:00,34
9,2026-05-17T22:00:00+00:00,47
10,2026-05-17T22:00:00+00:00,37
11,2026-05-17T22:00:00+00:00,82
12,2026-05-17T22:00:00+00:00,11
1,2026-05-17T23:00:00+00:00,318
2,2026-05-17T23:00:00+00:00,118
3,2026-05-17T23:00:00+00:00,9
4,2026-05-17T23:00:00+00:00,11
5,2026-05-17T23:00:00+00:00,7
6,2026-05-17T23:00:00+00:00,6
7,2026-05-17T23:00:00+00:00,1
8,2026-05-17T23:00:00+00:00,8
9,2026-05-17T23:00:00+00:00,37
10,2026-05-17T23:00:00+00:00,5
11,2026-05-17T23:00:00+00:00,29
12,2026-05-17T23:00:00+00:00,14
1,2026-05-18T00:00:00+00:00,106
2,2026-05-18T00:00:00+00:00,51
3,2026-05-18T00:00:00+00:00,11
4,2026-05-18T00:00:00+00:00,3
5,2026-05-18T00:00:00+00:00,2
6,2026-05-18T00:00:00+00:00,8
7,2026-05-18T00:00:00+00:00,0
8,2026-05-18T00:00:00+00:00,6
9,2026-05-18T00:00:00+00:00,40
10,2026-05-18T00:00:00+00:00,17
11,2026-05-18T00:00:00+00:00,20
12,2026-05-18T00:00:00+00:00,3
1,2026-05-18T01:00:00+00:00,93
2,2026-05-18T01:00:00+00:00,7
3,2026-05-18T01:00:00+00:00,16
4,2026-05-18T01:00:00+00:00,0
5,2026-05-18T01:00:00+00:00,5
6,2026-05-18T01:00:00+00:00,3
7,2026-05-18T01:00:00+00:00,0
8,2026-05-18T01:00:00+00:00,9
9,2026-05-18T01:00:00+00:00,7
10,2026-05-18T01:00:00+00:00,0
11,2026-05-18T01:00:00+00:00,0
12,2026-05-18T01:00:00+00:00,0
1,2026-05-18T14:00:00+00:00,484
2,2026-05-18T14:00:00+00:00,165
3,2026-05-18T14:00:00+00:00,2
4,2026-05-18T14:00:00+00:00,2
5,2026-05-18T14:00:00+00:00,6
6,2026-05-18T14:00:00+00:00,3
7,2026-05-18T14:00:00+00:00,4
8,2026-05-18T14:00:00+00:00,6
9,2026-05-18T14:00:00+00:00,8
10,2026-05-18T14:00:00+00:00,8
11,2026-05-18T14:00:00+00:00,65
12,2026-05-18T14:00:00+00:00,1
1,2026-05-18T15:00:00+00:00,552
2,2026-05-18T15:00:00+00:00,189
3,2026-05-18T15:00:00+00:00,75
4,2026-05-18T15:00:00+00:00,98
5,2026-05-18T15:00:00+00:00,33
6,2026-05-18T15:00:00+00:00,18
7,2026-05-18T15:00:00+00:00,20
8,2026-05-18T15:00:00+00:00,33
9,2026-05-18T15:00:00+00:00,48
10,2026-05-18T15:00:00+00:00,44
11,2026-05-18T15:00:00+00:00,28
12,2026-05-18T15:00:00+00:00,15
1,2026-05-18T16:00:00+00:00,378
2,2026-05-18T16:00:00+00:00,137
3,2026-05-18T16:00:00+00:00,99
4,2026-05-18T16:00:00+00:00,108
5,2026-05-18T16:00:00+00:00,26
6,2026-05-18T16:00:00+00:00,22
7,2026-05-18T16:00:00+00:00,21
8,2026-05-18T16:00:00+00:00,28
9,2026-05-18T16:00:00+00:00,37
10,2026-05-18T16:00:00+00:00,36
11,2026-05-18T16:00:00+00:00,32
12,2026-05-18T16:00:00+00:00,11
1,2026-05-18T17:00:00+00:00,421
2,2026-05-18T17:00:00+00:00,160
3,2026-05-18T17:00:00+00:00,94
4,2026-05-18T17:00:00+00:00,115
5,2026-05-18T17:00:00+00:00,27
6,2026-05-18T17:00:00+00:00,22
7,2026-05-18T17:00:00+00:00,21
8,2026-05-18T17:00:00+00:00,41
9,2026-05-18T17:00:00+00:00,41
10,2026-05-18T17:00:00+00:00,46
11,2026-05-18T17:00:00+00:00,84
12,2026-05-18T17:00:00+00:00,11
1,2026-05-18T18:00:00+00:00,26
2,2026-05-18T18:00:00+00:00,18
3,2026-05-18T18:00:00+00:00,7
4,2026-05-18T18:00:00+00:00,3
5,2026-05-18T18:00:00+00:00,11
6,2026-05-18T18:00:00+00:00,3
7,2026-05-18T18:00:00+00:00,8
8,2026-05-18T18:00:00+00:00,5
9,2026-05-18T18:00:00+00:00,43
10,2026-05-18T18:00:00+00:00,12
11,2026-05-18T18:00:00+00:00,40
12,2026-05-18T18:00:00+00:00,10
1,2026-05-18T19:00:00+00:00,25
2,2026-05-18T19:00:00+00:00,24
3,2026-05-18T19:00:00+00:00,5
4,2026-05-18T19:00:00+00:00,12
5,2026-05-18T19:00:00+00:00,0
6,2026-05-18T19:00:00+00:00,3
7,2026-05-18T19:00:00+00:00,4
8,2026-05-18T19:00:00+00:00,5
9,2026-05-18T19:00:00+00:00,37
10,2026-05-18T19:00:00+00:00,4
11,2026-05-18T19:00:00+00:00,256
12,2026-05-18T19:00:00+00:00,15
1,2026-05-18T20:00:00+00:00,0
2,2026-05-18T20:00:00+00:00,5
3,2026-05-18T20:00:00+00:00,21
4,2026-05-18T20:00:00+00:00,15
5,2026-05-18T20:00:00+00:00,5
6,2026-05-18T20:00:00+00:00,3
7,2026-05-18T20:00:00+00:00,4
8,2026-05-18T20:00:00+00:00,7
9,2026-05-18T20:00:00+00:00,27
10,2026-05-18T20:00:00+00:00,5
11,2026-05-18T20:00:00+00:00,208
12,2026-05-18T20:00:00+00:00,15
1,2026-05-18T21:00:00+00:00,519
2,2026-05-18T21:00:00+00:00,147
3,2026-05-18T21:00:00+00:00,91
4,2026-05-18T21:00:00+00:00,107
5,2026-05-18T21:00:00+00:00,26
6,2026-05-18T21:00:00+00:00,24
7,2026-05-18T21:00:00+00:00,21
8,2026-05-18T21:00:00+00:00,34
9,2026-05-18T21:00:00+00:00,36
10,2026-05-18T21:00:00+00:00,39
11,2026-05-18T21:00:00+00:00,35
12,2026-05-18T21:00:00+00:00,7
1,2026-05-18T22:00:00+00:00,505
2,2026-05-18T22:00:00+00:00,154
3,2026-05-18T22:00:00+00:00,88
4,2026-05-18T22:00:00+00:00,79
5,2026-05-18T22:00:00+00:00,37
6,2026-05-18T22:00:00+00:00,17
7,2026-05-18T22:00:00+00:00,18
8,2026-05-18T22:00:00+00:00,37
9,2026-05-18T22:00:00+00:00,63
10,2026-05-18T22:00:00+00:00,37
11,2026-05-18T22:00:00+00:00,88
12,2026-05-18T22:00:00+00:00,10
1,2026-05-18T23:00:00+00:00,362
2,2026-05-18T23:00:00+00:00,101
3,2026-05-18T23:00:00+00:00,33
4,2026-05-18T23:00:00+00:00,29
5,2026-05-18T23:00:00+00:00,3
6,2026-05-18T23:00:00+00:00,11
7,2026-05-18T23:00:00+00:00,1
8,2026-05-18T23:00:00+00:00,6
9,2026-05-18T23:00:00+00:00,59
10,2026-05-18T23:00:00+00:00,5
11,2026-05-18T23:00:00+00:00,29
12,2026-05-18T23:00:00+00:00,12
1,2026-05-19T00:00:00+00:00,51
2,2026-05-19T00:00:00+00:00,16
3,2026-05-19T00:00:00+00:00,4
4,2026-05-19T00:00:00+00:00,13
5,2026-05-19T00:00:00+00:00,8
6,2026-05-19T00:00:00+00:00,8
7,2026-05-19T00:00:00+00:00,5
8,2026-05-19T00:00:00+00:00,2
9,2026-05-19T00:00:00+00:00,45
10,2026-05-19T00:00:00+00:00,6
11,2026-05-19T00:00:00+00:00,76
12,2026-05-19T00:00:00+00:00,0
1,2026-05-19T01:00:00+00:00,56
2,2026-05-19T01:00:00+00:00,0
3,2026-05-19T01:00:00+00:00,24
4,2026-05-19T01:00:00+00:00,19
5,2026-05-19T01:00:00+00:00,6
6,2026-05-19T01:00:00+00:00,5
7,2026-05-19T01:00:00+00:00,3
8,2026-05-19T01:00:00+00:00,10
9,2026-05-19T01:00:00+00:00,4
10,2026-05-19T01:00:00+00:00,12
11,2026-05-19T01:00:00+00:00,1
12,2026-05-19T01:00:00+00:00,0
1,2026-05-19T14:00:00+00:00,485
2,2026-05-19T14:00:00+00:00,194
3,2026-05-19T14:00:00+00:00,25
4,2026-05-19T14:00:00+00:00,13
5,2026-05-19T14:00:00+00:00,5
6,2026-05-19T14:00:00+00:00,3
7,2026-05-19T14:00:00+00:00,6
8,2026-05-19T14:00:00+00:00,9
9,2026-05-19T14:00:00+00:00,0
10,2026-05-19T14:00:00+00:00,12
11,2026-05-19T14:00:00+00:00,74
12,2026-05-19T14:00:00+00:00,0
1,2026-05-19T15:00:00+00:00,501
2,2026-05-19T15:00:00+00:00,177
3,2026-05-19T15:00:00+00:00,96
4,2026-05-19T15:00:00+00:00,85
5,2026-05-19T15:00:00+00:00,26
6,2026-05-19T15:00:00+00:00,19
7,2026-05-19T15:00:00+00:00,21
8,2026-05-19T15:00:00+00:00,36
9,2026-05-19T15:00:00+00:00,44
10,2026-05-19T15:00:00+00:00,35
11,2026-05-19T15:00:00+00:00,18
12,2026-05-19T15:00:00+00:00,13
1,2026-05-19T16:00:00+00:00,361
2,2026-05-19T16:00:00+00:00,143
3,2026-05-19T16:00:00+00:00,86
4,2026-05-19T16:00:00+00:00,84
5,2026-05-19T16:00:00+00:00,28
6,2026-05-19T16:00:00+00:00,25
7,2026-05-19T16:00:00+00:00,21
8,2026-05-19T16:00:00+00:00,33
9,2026-05-19T16:00:00+00:00,33
10,2026-05-19T16:00:00+00:00,44
11,2026-05-19T16:00:00+00:00,72
12,2026-05-19T16:00:00+00:00,13
1,2026-05-19T17:00:00+00:00,475
2,2026-05-19T17:00:00+00:00,147
3,2026-05-19T17:00:00+00:00,77
4,2026-05-19T17:00:00+00:00,89
5,2026-05-19T17:00:00+00:00,29
6,2026-05-19T17:00:00+00:00,22
7,2026-05-19T17:00:00+00:00,19
8,2026-05-19T17:00:00+00:00,34
9,2026-05-19T17:00:00+00:00,47
10,2026-05-19T17:00:00+00:00,48
11,2026-05-19T17:00:00+00:00,69
12,2026-05-19T17:00:00+00:00,13
1,2026-05-19T18:00:00+00:00,49
2,2026-05-19T18:00:00+00:00,0
3,2026-05-19T18:00:00+00:00,1
4,2026-05-19T18:00:00+00:00,11
5,2026-05-19T18:00:00+00:00,9
6,2026-05-19T18:00:00+00:00,5
7,2026-05-19T18:00:00+00:00,5
8,2026-05-19T18:00:00+00:00,1
9,2026-05-19T18:00:00+00:00,33
10,2026-05-19T18:00:00+00:00,14
11,2026-05-19T18:00:00+00:00,44
12,2026-05-19T18:00:00+00:00,9
1,2026-05-19T19:00:00+00:00,102
2,2026-05-19T19:00:00+00:00,24
3,2026-05-19T19:00:00+00:00,40
4,2026-05-19T19:00:00+00:00,24
5,2026-05-19T19:00:00+00:00,7
6,2026-05-19T19:00:00+00:00,4
7,2026-05-19T19:00:00+00:00,5
8,2026-05-19T19:00:00+00:00,7
9,2026-05-19T19:00:00+00:00,33
10,2026-05-19T19:00:00+00:00,13
11,2026-05-19T19:00:00+00:00,261
12,2026-05-19T19:00:00+00:00,6
1,2026-05-19T20:00:00+00:00,0
2,2026-05-19T20:00:00+00:00,0
3,2026-05-19T20:00:00+00:00,21
4,2026-05-19T20:00:00+00:00,11
5,2026-05-19T20:00:00+00:00,10
6,2026-05-19T20:00:00+00:00,0
7,2026-05-19T20:00:00+00:00,1
8,2026-05-19T20:00:00+00:00,11
9,2026-05-19T20:00:00+00:00,39
10,2026-05-19T20:00:00+00:00,3
11,2026-05-19T20:00:00+00:00,242
12,2026-05-19T20:00:00+00:00,10
1,2026-05-19T21:00:00+00:00,505
2,2026-05-19T21:00:00+00:00,177
3,2026-05-19T21:00:00+00:00,68
4,2026-05-19T21:00:00+00:00,81
5,2026-05-19T21:00:00+00:00,28
6,2026-05-19T21:00:00+00:00,21
7,2026-05-19T21:00:00+00:00,22
8,2026-05-19T21:00:00+00:00,35
9,2026-05-19T21:00:00+00:00,40
10,2026-05-19T21:00:00+00:00,36
11,2026-05-19T21:00:00+00:00,1
12,2026-05-19T21:00:00+00:00,11
1,2026-05-19T22:00:00+00:00,480
2,2026-05-19T22:00:00+00:00,174
3,2026-05-19T22:00:00+00:00,80
4,2026-05-19T22:00:00+00:00,106
5,2026-05-19T22:00:00+00:00,27
6,2026-05-19T22:00:00+00:00,19
7,2026-05-19T22:00:00+00:00,21
8,2026-05-19T22:00:00+00:00,31
9,2026-05-19T22:00:00+00:00,46
10,2026-05-19T22:00:00+00:00,32
11,2026-05-19T22:00:00+00:00,61
12,2026-05-19T22:00:00+00:00,12
1,2026-05-19T23:00:00+00:00,310
2,2026-05-19T23:00:00+00:00,102
3,2026-05-19T23:00:00+00:00,0
4,2026-05-19T23:00:00+00:00,3
5,2026-05-19T23:00:00+00:00,11
6,2026-05-19T23:00:00+00:00,5
7,2026-05-19T23:00:00+00:00,3
8,2026-05-19T23:00:00+00:00,9
9,2026-05-19T23:00:00+00:00,48
10,2026-05-19T23:00:00+00:00,18
11,2026-05-19T23:00:00+00:00,71
12,2026-05-19T23:00:00+00:00,13
1,2026-05-20T00:00:00+00:00,8
2,2026-05-20T00:00:00+00:00,38
3,2026-05-20T00:00:00+00:00,11
4,2026-05-20T00:00:00+00:00,3
5,2026-05-20T00:00:00+00:00,2
6,2026-05-20T00:00:00+00:00,2
7,2026-05-20T00:00:00+00:00,3
8,2026-05-20T00:00:00+00:00,10
9,2026-05-20T00:00:00+00:00,52
10,2026-05-20T00:00:00+00:00,14
11,2026-05-20T00:00:00+00:00,48
12,2026-05-20T00:00:00+00:00,2
1,2026-05-20T01:00:00+00:00,138
2,2026-05-20T01:00:00+00:00,24
3,2026-05-20T01:00:00+00:00,27
4,2026-05-20T01:00:00+00:00,0
5,2026-05-20T01:00:00+00:00,3
6,2026-05-20T01:00:00+00:00,2
7,2026-05-20T01:00:00+00:00,0
8,2026-05-20T01:00:00+00:00,7
9,2026-05-20T01:00:00+00:00,16
10,2026-05-20T01:00:00+00:00,6
11,2026-05-20T01:00:00+00:00,4
12,2026-05-20T01:00:00+00:00,0
1,2026-05-20T14:00:00+00:00,486
2,2026-05-20T14:00:00+00:00,174
3,2026-05-20T14:00:00+00:00,0
4,2026-05-20T14:00:00+00:00,23
5,2026-05-20T14:00:00+00:00,0
6,2026-05-20T14:00:00+00:00,5
7,2026-05-20T14:00:00+00:00,3
8,2026-05-20T14:00:00+00:00,13
9,2026-05-20T14:00:00+00:00,11
10,2026-05-20T14:00:00+00:00,0
11,2026-05-20T14:00:00+00:00,0
12,2026-05-20T14:00:00+00:00,0
1,2026-05-20T15:00:00+00:00,485
2,2026-05-20T15:00:00+00:00,166
3,2026-05-20T15:00:00+00:00,90
4,2026-05-20T15:00:00+00:00,96
5,2026-05-20T15:00:00+00:00,23
6,2026-05-20T15:00:00+00:00,16
7,2026-05-20T15:00:00+00:00,21
8,2026-05-20T15:00:00+00:00,33
9,2026-05-20T15:00:00+00:00,44
10,2026-05-20T15:00:00+00:00,38
11,2026-05-20T15:00:00+00:00,40
12,2026-05-20T15:00:00+00:00,15
1,2026-05-20T16:00:00+00:00,342
2,2026-05-20T16:00:00+00:00,120
3,2026-05-20T16:00:00+00:00,96
4,2026-05-20T16:00:00+00:00,105
5,2026-05-20T16:00:00+00:00,27
6,2026-05-20T16:00:00+00:00,17
7,2026-05-20T16:00:00+00:00,16
8,2026-05-20T16:00:00+00:00,36
9,2026-05-20T16:00:00+00:00,35
10,2026-05-20T16:00:00+00:00,52
11,2026-05-20T16:00:00+00:00,101
12,2026-05-20T16:00:00+00:00,12
1,2026-05-20T17:00:00+00:00,443
2,2026-05-20T17:00:00+00:00,138
3,2026-05-20T17:00:00+00:00,100
4,2026-05-20T17:00:00+00:00,89
5,2026-05-20T17:00:00+00:00,28
6,2026-05-20T17:00:00+00:00,24
7,2026-05-20T17:00:00+00:00,22
8,2026-05-20T17:00:00+00:00,43
9,2026-05-20T17:00:00+00:00,31
10,2026-05-20T17:00:00+00:00,39
11,2026-05-20T17:00:00+00:00,23
12,2026-05-20T17:00:00+00:00,14
1,2026-05-20T18:00:00+00:00,6
2,2026-05-20T18:00:00+00:00,19
3,2026-05-20T18:00:00+00:00,0
4,2026-05-20T18:00:00+00:00,11
5,2026-05-20T18:00:00+00:00,13
6,2026-05-20T18:00:00+00:00,8
7,2026-05-20T18:00:00+00:00,0
8,2026-05-20T18:00:00+00:00,8
9,2026-05-20T18:00:00+00:00,51
10,2026-05-20T18:00:00+00:00,6
11,2026-05-20T18:00:00+00:00,18
12,2026-05-20T18:00:00+00:00,13
1,2026-05-20T19:00:00+00:00,64
2,2026-05-20T19:00:00+00:00,28
3,2026-05-20T19:00:00+00:00,10
4,2026-05-20T19:00:00+00:00,34
5,2026-05-20T19:00:00+00:00,3
6,2026-05-20T19:00:00+00:00,3
7,2026-05-20T19:00:00+00:00,5
8,2026-05-20T19:00:00+00:00,10
9,2026-05-20T19:00:00+00:00,33
10,2026-05-20T19:00:00+00:00,15
11,2026-05-20T19:00:00+00:00,220
12,2026-05-20T19:00:00+00:00,12
1,2026-05-20T20:00:00+00:00,15
2,2026-05-20T20:00:00+00:00,0
3,2026-05-20T20:00:00+00:00,22
4,2026-05-20T20:00:00+00:00,0
5,2026-05-20T20:00:00+00:00,3
6,2026-05-20T20:00:00+00:00,2
7,2026-05-20T20:00:00+00:00,6
8,2026-05-20T20:00:00+00:00,13
9,2026-05-20T20:00:00+00:00,51
10,2026-05-20T20:00:00+00:00,15
11,2026-05-20T20:00:00+00:00,201
12,2026-05-20T20:00:00+00:00,12
1,2026-05-20T21:00:00+00:00,413
2,2026-05-20T21:00:00+00:00,154
3,2026-05-20T21:00:00+00:00,86
4,2026-05-20T21:00:00+00:00,84
5,2026-05-20T21:00:00+00:00,32
6,2026-05-20T21:00:00+00:00,16
7,2026-05-20T21:00:00+00:00,18
8,2026-05-20T21:00:00+00:00,29
9,2026-05-20T21:00:00+00:00,31
10,2026-05-20T21:00:00+00:00,46
11,2026-05-20T21:00:00+00:00,49
12,2026-05-20T21:00:00+00:00,15
1,2026-05-20T22:00:00+00:00,536
2,2026-05-20T22:00:00+00:00,161
3,2026-05-20T22:00:00+00:00,74
4,2026-05-20T22:00:00+00:00,93
5,2026-05-20T22:00:00+00:00,25
6,2026-05-20T22:00:00+00:00,18
7,2026-05-20T22:00:00+00:00,18
8,2026-05-20T22:00:00+00:00,35
9,2026-05-20T22:00:00+00:00,55
10,2026-05-20T22:00:00+00:00,42
11,2026-05-20T22:00:00+00:00,74
12,2026-05-20T22:00:00+00:00,12
1,2026-05-20T23:00:00+00:00,279
2,2026-05-20T23:00:00+00:00,143
3,2026-05-20T23:00:00+00:00,29
4,2026-05-20T23:00:00+00:00,13
5,2026-05-20T23:00:00+00:00,3
6,2026-05-20T23:00:00+00:00,0
7,2026-05-20T23:00:00+00:00,5
8,2026-05-20T23:00:00+00:00,6
9,2026-05-20T23:00:00+00:00,48
10,2026-05-20T23:00:00+00:00,10
11,2026-05-20T23:00:00+00:00,55
12,2026-05-20T23:00:00+00:00,14
1,2026-05-21T00:00:00+00:00,45
2,2026-05-21T00:00:00+00:00,0
3,2026-05-21T00:00:00+00:00,4
4,2026-05-21T00:00:00+00:00,17
5,2026-05-21T00:00:00+00:00,2
6,2026-05-21T00:00:00+00:00,6
7,2026-05-21T00:00:00+00:00,6
8,2026-05-21T00:00:00+00:00,7
9,2026-05-21T00:00:00+00:00,38
10,2026-05-21T00:00:00+00:00,0
11,2026-05-21T00:00:00+00:00,18
12,2026-05-21T00:00:00+00:00,0
1,2026-05-21T01:00:00+00:00,31
2,2026-05-21T01:00:00+00:00,2
3,2026-05-21T01:00:00+00:00,3
4,2026-05-21T01:00:00+00:00,20
5,2026-05-21T01:00:00+00:00,6
6,2026-05-21T01:00:00+00:00,4
7,2026-05-21T01:00:00+00:00,5
8,2026-05-21T01:00:00+00:00,11
9,2026-05-21T01:00:00+00:00,0
10,2026-05-21T01:00:00+00:00,12
11,2026-05-21T01:00:00+00:00,0
12,2026-05-21T01:00:00+00:00,0
1,2026-05-23T14:00:00+00:00,558
2,2026-05-23T14:00:00+00:00,181
3,2026-05-23T14:00:00+00:00,18
4,2026-05-23T14:00:00+00:00,13
5,2026-05-23T14:00:00+00:00,10
6,2026-05-23T14:00:00+00:00,0
7,2026-05-23T14:00:00+00:00,3
8,2026-05-23T14:00:00+00:00,7
9,2026-05-23T14:00:00+00:00,21
10,2026-05-23T14:00:00+00:00,13
11,2026-05-23T14:00:00+00:00,69
12,2026-05-23T14:00:00+00:00,0
1,2026-05-23T15:00:00+00:00,600
2,2026-05-23T15:00:00+00:00,177
3,2026-05-23T15:00:00+00:00,80
4,2026-05-23T15:00:00+00:00,112
5,2026-05-23T15:00:00+00:00,23
6,2026-05-23T15:00:00+00:00,18
7,2026-05-23T15:00:00+00:00,20
8,2026-05-23T15:00:00+00:00,31
9,2026-05-23T15:00:00+00:00,49
10,2026-05-23T15:00:00+00:00,43
11,2026-05-23T15:00:00+00:00,47
12,2026-05-23T15:00:00+00:00,16
1,2026-05-23T16:00:00+00:00,341
2,2026-05-23T16:00:00+00:00,161
3,2026-05-23T16:00:00+00:00,82
4,2026-05-23T16:00:00+00:00,104
5,2026-05-23T16:00:00+00:00,34
6,2026-05-23T16:00:00+00:00,26
7,2026-05-23T16:00:00+00:00,20
8,2026-05-23T16:00:00+00:00,30
9,2026-05-23T16:00:00+00:00,47
10,2026-05-23T16:00:00+00:00,41
11,2026-05-23T16:00:00+00:00,2
12,2026-05-23T16:00:00+00:00,13
1,2026-05-23T17:00:00+00:00,375
2,2026-05-23T17:00:00+00:00,163
3,2026-05-23T17:00:00+00:00,99
4,2026-05-23T17:00:00+00:00,87
5,2026-05-23T17:00:00+00:00,28
6,2026-05-23T17:00:00+00:00,20
7,2026-05-23T17:00:00+00:00,19
8,2026-05-23T17:00:00+00:00,47
9,2026-05-23T17:00:00+00:00,37
10,2026-05-23T17:00:00+00:00,42
11,2026-05-23T17:00:00+00:00,68
12,2026-05-23T17:00:00+00:00,11
1,2026-05-23T18:00:00+00:00,0
2,2026-05-23T18:00:00+00:00,0
3,2026-05-23T18:00:00+00:00,23
4,2026-05-23T18:00:00+00:00,18
5,2026-05-23T18:00:00+00:00,7
6,2026-05-23T18:00:00+00:00,0
7,2026-05-23T18:00:00+00:00,5
8,2026-05-23T18:00:00+00:00,8
9,2026-05-23T18:00:00+00:00,42
10,2026-05-23T18:00:00+00:00,2
11,2026-05-23T18:00:00+00:00,43
12,2026-05-23T18:00:00+00:00,10
1,2026-05-23T19:00:00+00:00,63
2,2026-05-23T19:00:00+00:00,21
3,2026-05-23T19:00:00+00:00,8
4,2026-05-23T19:00:00+00:00,20
5,2026-05-23T19:00:00+00:00,5
6,2026-05-23T19:00:00+00:00,5
7,2026-05-23T19:00:00+00:00,5
8,2026-05-23T19:00:00+00:00,11
9,2026-05-23T19:00:00+00:00,37
10,2026-05-23T19:00:00+00:00,7
11,2026-05-23T19:00:00+00:00,277
12,2026-05-23T19:00:00+00:00,12
1,2026-05-23T20:00:00+00:00,84
2,2026-05-23T20:00:00+00:00,21
3,2026-05-23T20:00:00+00:00,7
4,2026-05-23T20:00:00+00:00,20
5,2026-05-23T20:00:00+00:00,5
6,2026-05-23T20:00:00+00:00,6
7,2026-05-23T20:00:00+00:00,8
8,2026-05-23T20:00:00+00:00,11
9,2026-05-23T20:00:00+00:00,63
10,2026-05-23T20:00:00+00:00,1
11,2026-05-23T20:00:00+00:00,241
12,2026-05-23T20:00:00+00:00,11
1,2026-05-23T21:00:00+00:00,460
2,2026-05-23T21:00:00+00:00,165
3,2026-05-23T21:00:00+00:00,80
4,2026-05-23T21:00:00+00:00,94
5,2026-05-23T21:00:00+00:00,31
6,2026-05-23T21:00:00+00:00,21
7,2026-05-23T21:00:00+00:00,18
8,2026-05-23T21:00:00+00:00,37
9,2026-05-23T21:00:00+00:00,50
10,2026-05-23T21:00:00+00:00,43
11,2026-05-23T21:00:00+00:00,45
12,2026-05-23T21:00:00+00:00,15
1,2026-05-23T22:00:00+00:00,453
2,2026-05-23T22:00:00+00:00,154
3,2026-05-23T22:00:00+00:00,90
4,2026-05-23T22:00:00+00:00,89
5,2026-05-23T22:00:00+00:00,30
6,2026-05-23T22:00:00+00:00,20
7,2026-05-23T22:00:00+00:00,17
8,2026-05-23T22:00:00+00:00,30
9,2026-05-23T22:00:00+00:00,41
10,2026-05-23T22:00:00+00:00,45
11,2026-05-23T22:00:00+00:00,64
12,2026-05-23T22:00:00+00:00,8
1,2026-05-23T23:00:00+00:00,325
2,2026-05-23T23:00:00+00:00,98
3,2026-05-23T23:00:00+00:00,1
4,2026-05-23T23:00:00+00:00,33
5,2026-05-23T23:00:00+00:00,6
6,2026-05-23T23:00:00+00:00,6
7,2026-05-23T23:00:00+00:00,10
8,2026-05-23T23:00:00+00:00,5
9,2026-05-23T23:00:00+00:00,41
10,2026-05-23T23:00:00+00:00,16
11,2026-05-23T23:00:00+00:00,13
12,2026-05-23T23:00:00+00:00,12
1,2026-05-24T00:00:00+00:00,32
2,2026-05-24T00:00:00+00:00,25
3,2026-05-24T00:00:00+00:00,15
4,2026-05-24T00:00:00+00:00,3
5,2026-05-24T00:00:00+00:00,9
6,2026-05-24T00:00:00+00:00,6
7,2026-05-24T00:00:00+00:00,1
8,2026-05-24T00:00:00+00:00,4
9,2026-05-24T00:00:00+00:00,40
10,2026-05-24T00:00:00+00:00,3
11,2026-05-24T00:00:00+00:00,70
12,2026-05-24T00:00:00+00:00,0
1,2026-05-24T01:00:00+00:00,16
2,2026-05-24T01:00:00+00:00,0
3,2026-05-24T01:00:00+00:00,8
4,2026-05-24T01:00:00+00:00,26
5,2026-05-24T01:00:00+00:00,8
6,2026-05-24T01:00:00+00:00,0
7,2026-05-24T01:00:00+00:00,2
8,2026-05-24T01:00:00+00:00,10
9,2026-05-24T01:00:00+00:00,1
10,2026-05-24T01:00:00+00:00,6
11,2026-05-24T01:00:00+00:00,0
12,2026-05-24T01:00:00+00:00,0
1,2026-05-24T14:00:00+00:00,514
2,2026-05-24T14:00:00+00:00,163
3,2026-05-24T14:00:00+00:00,22
4,2026-05-24T14:00:00+00:00,11
5,2026-05-24T14:00:00+00:00,2
6,2026-05-24T14:00:00+00:00,6
7,2026-05-24T14:00:00+00:00,7
8,2026-05-24T14:00:00+00:00,4
9,2026-05-24T14:00:00+00:00,0
10,2026-05-24T14:00:00+00:00,6
11,2026-05-24T14:00:00+00:00,12
12,2026-05-24T14:00:00+00:00,4
1,2026-05-24T15:00:00+00:00,443
2,2026-05-24T15:00:00+00:00,164
3,2026-05-24T15:00:00+00:00,104
4,2026-05-24T15:00:00+00:00,98
5,2026-05-24T15:00:00+00:00,26
6,2026-05-24T15:00:00+00:00,19
7,2026-05-24T15:00:00+00:00,20
8,2026-05-24T15:00:00+00:00,34
9,2026-05-24T15:00:00+00:00,56
10,2026-05-24T15:00:00+00:00,41
11,2026-05-24T15:00:00+00:00,12
12,2026-05-24T15:00:00+00:00,14
1,2026-05-24T16:00:00+00:00,469
2,2026-05-24T16:00:00+00:00,136
3,2026-05-24T16:00:00+00:00,97
4,2026-05-24T16:00:00+00:00,90
5,2026-05-24T16:00:00+00:00,24
6,2026-05-24T16:00:00+00:00,20
7,2026-05-24T16:00:00+00:00,18
8,2026-05-24T16:00:00+00:00,32
9,2026-05-24T16:00:00+00:00,37
10,2026-05-24T16:00:00+00:00,43
11,2026-05-24T16:00:00+00:00,49
12,2026-05-24T16:00:00+00:00,9
1,2026-05-24T17:00:00+00:00,375
2,2026-05-24T17:00:00+00:00,139
3,2026-05-24T17:00:00+00:00,94
4,2026-05-24T17:00:00+00:00,90
5,2026-05-24T17:00:00+00:00,20
6,2026-05-24T17:00:00+00:00,24
7,2026-05-24T17:00:00+00:00,25
8,2026-05-24T17:00:00+00:00,41
9,2026-05-24T17:00:00+00:00,49
10,2026-05-24T17:00:00+00:00,45
11,2026-05-24T17:00:00+00:00,29
12,2026-05-24T17:00:00+00:00,12
1,2026-05-24T18:00:00+00:00,0
2,2026-05-24T18:00:00+00:00,11
3,2026-05-24T18:00:00+00:00,0
4,2026-05-24T18:00:00+00:00,17
5,2026-05-24T18:00:00+00:00,4
6,2026-05-24T18:00:00+00:00,6
7,2026-05-24T18:00:00+00:00,4
8,2026-05-24T18:00:00+00:00,5
9,2026-05-24T18:00:00+00:00,51
10,2026-05-24T18:00:00+00:00,3
11,2026-05-24T18:00:00+00:00,38
12,2026-05-24T18:00:00+00:00,11
1,2026-05-24T19:00:00+00:00,95
2,2026-05-24T19:00:00+00:00,18
3,2026-05-24T19:00:00+00:00,14
4,2026-05-24T19:00:00+00:00,17
5,2026-05-24T19:00:00+00:00,0
6,2026-05-24T19:00:00+00:00,2
7,2026-05-24T19:00:00+00:00,4
8,2026-05-24T19:00:00+00:00,11
9,2026-05-24T19:00:00+00:00,49
10,2026-05-24T19:00:00+00:00,15
11,2026-05-24T19:00:00+00:00,249
12,2026-05-24T19:00:00+00:00,12
1,2026-05-24T20:00:00+00:00,6
2,2026-05-24T20:00:00+00:00,3
3,2026-05-24T20:00:00+00:00,4
4,2026-05-24T20:00:00+00:00,6
5,2026-05-24T20:00:00+00:00,5
6,2026-05-24T20:00:00+00:00,2
7,2026-05-24T20:00:00+00:00,4
8,2026-05-24T20:00:00+00:00,0
9,2026-05-24T20:00:00+00:00,48
10,2026-05-24T20:00:00+00:00,9
11,2026-05-24T20:00:00+00:00,265
12,2026-05-24T20:00:00+00:00,11
1,2026-05-24T21:00:00+00:00,455
2,2026-05-24T21:00:00+00:00,175
3,2026-05-24T21:00:00+00:00,82
4,2026-05-24T21:00:00+00:00,103
5,2026-05-24T21:00:00+00:00,23
6,2026-05-24T21:00:00+00:00,20
7,2026-05-24T21:00:00+00:00,18
8,2026-05-24T21:00:00+00:00,31
9,2026-05-24T21:00:00+00:00,38
10,2026-05-24T21:00:00+00:00,39
11,2026-05-24T21:00:00+00:00,63
12,2026-05-24T21:00:00+00:00,10
1,2026-05-24T22:00:00+00:00,505
2,2026-05-24T22:00:00+00:00,136
3,2026-05-24T22:00:00+00:00,80
4,2026-05-24T22:00:00+00:00,96
5,2026-05-24T22:00:00+00:00,29
6,2026-05-24T22:00:00+00:00,21
7,2026-05-24T22:00:00+00:00,22
8,2026-05-24T22:00:00+00:00,37
9,2026-05-24T22:00:00+00:00,50
10,2026-05-24T22:00:00+00:00,48
11,2026-05-24T22:00:00+00:00,20
12,2026-05-24T22:00:00+00:00,12
1,2026-05-24T23:00:00+00:00,330
2,2026-05-24T23:00:00+00:00,111
3,2026-05-24T23:00:00+00:00,17
4,2026-05-24T23:00:00+00:00,24
5,2026-05-24T23:00:00+00:00,4
6,2026-05-24T23:00:00+00:00,1
7,2026-05-24T23:00:00+00:00,7
8,2026-05-24T23:00:00+00:00,7
9,2026-05-24T23:00:00+00:00,40
10,2026-05-24T23:00:00+00:00,9
11,2026-05-24T23:00:00+00:00,34
12,2026-05-24T23:00:00+00:00,14
1,2026-05-25T00:00:00+00:00,72
2,2026-05-25T00:00:00+00:00,14
3,2026-05-25T00:00:00+00:00,17
4,2026-05-25T00:00:00+00:00,12
5,2026-05-25T00:00:00+00:00,9
6,2026-05-25T00:00:00+00:00,0
7,2026-05-25T00:00:00+00:00,1
8,2026-05-25T00:00:00+00:00,7
9,2026-05-25T00:00:00+00:00,41
10,2026-05-25T00:00:00+00:00,4
11,2026-05-25T00:00:00+00:00,59
12,2026-05-25T00:00:00+00:00,0
1,2026-05-25T01:00:00+00:00,40
2,2026-05-25T01:00:00+00:00,11
3,2026-05-25T01:00:00+00:00,12
4,2026-05-25T01:00:00+00:00,4
5,2026-05-25T01:00:00+00:00,5
6,2026-05-25T01:00:00+00:00,7
7,2026-05-25T01:00:00+00:00,5
8,2026-05-25T01:00:00+00:00,11
9,2026-05-25T01:00:00+00:00,4
10,2026-05-25T01:00:00+00:00,0
11,2026-05-25T01:00:00+00:00,0
12,2026-05-25T01:00:00+00:00,0
1,2026-05-25T14:00:00+00:00,572
2,2026-05-25T14:00:00+00:00,188
3,2026-05-25T14:00:00+00:00,16
4,2026-05-25T14:00:00+00:00,3
5,2026-05-25T14:00:00+00:00,6
6,2026-05-25T14:00:00+00:00,3
7,2026-05-25T14:00:00+00:00,3
8,2026-05-25T14:00:00+00:00,2
9,2026-05-25T14:00:00+00:00,8
10,2026-05-25T14:00:00+00:00,8
11,2026-05-25T14:00:00+00:00,64
12,2026-05-25T14:00:00+00:00,0
1,2026-05-25T15:00:00+00:00,455
2,2026-05-25T15:00:00+00:00,200
3,2026-05-25T15:00:00+00:00,81
4,2026-05-25T15:00:00+00:00,92
5,2026-05-25T15:00:00+00:00,29
6,2026-05-25T15:00:00+00:00,18
7,2026-05-25T15:00:00+00:00,25
8,2026-05-25T15:00:00+00:00,34
9,2026-05-25T15:00:00+00:00,46
10,2026-05-25T15:00:00+00:00,50
11,2026-05-25T15:00:00+00:00,26
12,2026-05-25T15:00:00+00:00,11
1,2026-05-25T16:00:00+00:00,403
2,2026-05-25T16:00:00+00:00,118
3,2026-05-25T16:00:00+00:00,92
4,2026-05-25T16:00:00+00:00,94
5,2026-05-25T16:00:00+00:00,28
6,2026-05-25T16:00:00+00:00,22
7,2026-05-25T16:00:00+00:00,23
8,2026-05-25T16:00:00+00:00,36
9,2026-05-25T16:00:00+00:00,43
10,2026-05-25T16:00:00+00:00,47
11,2026-05-25T16:00:00+00:00,28
12,2026-05-25T16:00:00+00:00,15
1,2026-05-25T17:00:00+00:00,410
2,2026-05-25T17:00:00+00:00,152
3,2026-05-25T17:00:00+00:00,107
4,2026-05-25T17:00:00+00:00,68
5,2026-05-25T17:00:00+00:00,27
6,2026-05-25T17:00:00+00:00,20
7,2026-05-25T17:00:00+00:00,25
8,2026-05-25T17:00:00+00:00,33
9,2026-05-25T17:00:00+00:00,66
10,2026-05-25T17:00:00+00:00,34
11,2026-05-25T17:00:00+00:00,53
12,2026-05-25T17:00:00+00:00,11
1,2026-05-25T18:00:00+00:00,54
2,2026-05-25T18:00:00+00:00,0
3,2026-05-25T18:00:00+00:00,7
4,2026-05-25T18:00:00+00:00,0
5,2026-05-25T18:00:00+00:00,6
6,2026-05-25T18:00:00+00:00,0
7,2026-05-25T18:00:00+00:00,1
8,2026-05-25T18:00:00+00:00,7
9,2026-05-25T18:00:00+00:00,44
10,2026-05-25T18:00:00+00:00,13
11,2026-05-25T18:00:00+00:00,12
12,2026-05-25T18:00:00+00:00,13
1,2026-05-25T19:00:00+00:00,75
2,2026-05-25T19:00:00+00:00,15
3,2026-05-25T19:00:00+00:00,4
4,2026-05-25T19:00:00+00:00,11
5,2026-05-25T19:00:00+00:00,8
6,2026-05-25T19:00:00+00:00,3
7,2026-05-25T19:00:00+00:00,6
8,2026-05-25T19:00:00+00:00,6
9,2026-05-25T19:00:00+00:00,58
10,2026-05-25T19:00:00+00:00,9
11,2026-05-25T19:00:00+00:00,250
12,2026-05-25T19:00:00+00:00,9
1,2026-05-25T20:00:00+00:00,0
2,2026-05-25T20:00:00+00:00,16
3,2026-05-25T20:00:00+00:00,9
4,2026-05-25T20:00:00+00:00,14
5,2026-05-25T20:00:00+00:00,3
6,2026-05-25T20:00:00+00:00,4
7,2026-05-25T20:00:00+00:00,3
8,2026-05-25T20:00:00+00:00,8
9,2026-05-25T20:00:00+00:00,43
10,2026-05-25T20:00:00+00:00,17
11,2026-05-25T20:00:00+00:00,238
12,2026-05-25T20:00:00+00:00,14
1,2026-05-25T21:00:00+00:00,429
2,2026-05-25T21:00:00+00:00,152
3,2026-05-25T21:00:00+00:00,75
4,2026-05-25T21:00:00+00:00,96
5,2026-05-25T21:00:00+00:00,29
6,2026-05-25T21:00:00+00:00,21
7,2026-05-25T21:00:00+00:00,21
8,2026-05-25T21:00:00+00:00,30
9,2026-05-25T21:00:00+00:00,56
10,2026-05-25T21:00:00+00:00,48
11,2026-05-25T21:00:00+00:00,44
12,2026-05-25T21:00:00+00:00,12
1,2026-05-25T22:00:00+00:00,511
2,2026-05-25T22:00:00+00:00,157
3,2026-05-25T22:00:00+00:00,82
4,2026-05-25T22:00:00+00:00,79
5,2026-05-25T22:00:00+00:00,26
6,2026-05-25T22:00:00+00:00,19
7,2026-05-25T22:00:00+00:00,22
8,2026-05-25T22:00:00+00:00,33
9,2026-05-25T22:00:00+00:00,41
10,2026-05-25T22:00:00+00:00,38
11,2026-05-25T22:00:00+00:00,9
12,2026-05-25T22:00:00+00:00,15
1,2026-05-25T23:00:00+00:00,324
2,2026-05-25T23:00:00+00:00,113
3,2026-05-25T23:00:00+00:00,6
4,2026-05-25T23:00:00+00:00,25
5,2026-05-25T23:00:00+00:00,6
6,2026-05-25T23:00:00+00:00,7
7,2026-05-25T23:00:00+00:00,4
8,2026-05-25T23:00:00+00:00,7
9,2026-05-25T23:00:00+00:00,40
10,2026-05-25T23:00:00+00:00,9
11,2026-05-25T23:00:00+00:00,50
12,2026-05-25T23:00:00+00:00,15
1,2026-05-26T00:00:00+00:00,103
2,2026-05-26T00:00:00+00:00,11
3,2026-05-26T00:00:00+00:00,23
4,2026-05-26T00:00:00+00:00,0
5,2026-05-26T00:00:00+00:00,4
6,2026-05-26T00:00:00+00:00,5
7,2026-05-26T00:00:00+00:00,6
8,2026-05-26T00:00:00+00:00,9
9,2026-05-26T00:00:00+00:00,44
10,2026-05-26T00:00:00+00:00,6
11,2026-05-26T00:00:00+00:00,25
12,2026-05-26T00:00:00+00:00,5
1,2026-05-26T01:00:00+00:00,83
2,2026-05-26T01:00:00+00:00,30
3,2026-05-26T01:00:00+00:00,12
4,2026-05-26T01:00:00+00:00,6
5,2026-05-26T01:00:00+00:00,7
6,2026-05-26T01:00:00+00:00,4
7,2026-05-26T01:00:00+00:00,4
8,2026-05-26T01:00:00+00:00,7
9,2026-05-26T01:00:00+00:00,0
10,2026-05-26T01:00:00+00:00,4
11,2026-05-26T01:00:00+00:00,0
12,2026-05-26T01:00:00+00:00,0
1,2026-05-26T14:00:00+00:00,538
2,2026-05-26T14:00:00+00:00,183
3,2026-05-26T14:00:00+00:00,4
4,2026-05-26T14:00:00+00:00,0
5,2026-05-26T14:00:00+00:00,7
6,2026-05-26T14:00:00+00:00,5
7,2026-05-26T14:00:00+00:00,4
8,2026-05-26T14:00:00+00:00,2
9,2026-05-26T14:00:00+00:00,0
10,2026-05-26T14:00:00+00:00,17
11,2026-05-26T14:00:00+00:00,39
12,2026-05-26T14:00:00+00:00,2
1,2026-05-26T15:00:00+00:00,506
2,2026-05-26T15:00:00+00:00,176
3,2026-05-26T15:00:00+00:00,77
4,2026-05-26T15:00:00+00:00,85
5,2026-05-26T15:00:00+00:00,23
6,2026-05-26T15:00:00+00:00,18
7,2026-05-26T15:00:00+00:00,19
8,2026-05-26T15:00:00+00:00,27
9,2026-05-26T15:00:00+00:00,41
10,2026-05-26T15:00:00+00:00,38
11,2026-05-26T15:00:00+00:00,16
12,2026-05-26T15:00:00+00:00,12
1,2026-05-26T16:00:00+00:00,419
2,2026-05-26T16:00:00+00:00,126
3,2026-05-26T16:00:00+00:00,105
4,2026-05-26T16:00:00+00:00,96
5,2026-05-26T16:00:00+00:00,31
6,2026-05-26T16:00:00+00:00,20
7,2026-05-26T16:00:00+00:00,23
8,2026-05-26T16:00:00+00:00,38
9,2026-05-26T16:00:00+00:00,36
10,2026-05-26T16:00:00+00:00,38
11,2026-05-26T16:00:00+00:00,114
12,2026-05-26T16:00:00+00:00,11
1,2026-05-26T17:00:00+00:00,443
2,2026-05-26T17:00:00+00:00,136
3,2026-05-26T17:00:00+00:00,97
4,2026-05-26T17:00:00+00:00,80
5,2026-05-26T17:00:00+00:00,24
6,2026-05-26T17:00:00+00:00,23
7,2026-05-26T17:00:00+00:00,21
8,2026-05-26T17:00:00+00:00,25
9,2026-05-26T17:00:00+00:00,45
10,2026-05-26T17:00:00+00:00,41
11,2026-05-26T17:00:00+00:00,62
12,2026-05-26T17:00:00+00:00,13
1,2026-05-26T18:00:00+00:00,46
2,2026-05-26T18:00:00+00:00,11
3,2026-05-26T18:00:00+00:00,14
4,2026-05-26T18:00:00+00:00,0
5,2026-05-26T18:00:00+00:00,3
6,2026-05-26T18:00:00+00:00,2
7,2026-05-26T18:00:00+00:00,1
8,2026-05-26T18:00:00+00:00,10
9,2026-05-26T18:00:00+00:00,53
10,2026-05-26T18:00:00+00:00,11
11,2026-05-26T18:00:00+00:00,30
12,2026-05-26T18:00:00+00:00,11
1,2026-05-26T19:00:00+00:00,38
2,2026-05-26T19:00:00+00:00,37
3,2026-05-26T19:00:00+00:00,17
4,2026-05-26T19:00:00+00:00,28
5,2026-05-26T19:00:00+00:00,2
6,2026-05-26T19:00:00+00:00,3
7,2026-05-26T19:00:00+00:00,1
8,2026-05-26T19:00:00+00:00,1
9,2026-05-26T19:00:00+00:00,43
10,2026-05-26T19:00:00+00:00,7
11,2026-05-26T19:00:00+00:00,242
12,2026-05-26T19:00:00+00:00,9
1,2026-05-26T20:00:00+00:00,39
2,2026-05-26T20:00:00+00:00,5
3,2026-05-26T20:00:00+00:00,20
4,2026-05-26T20:00:00+00:00,17
5,2026-05-26T20:00:00+00:00,1
6,2026-05-26T20:00:00+00:00,5
7,2026-05-26T20:00:00+00:00,3
8,2026-05-26T20:00:00+00:00,13
9,2026-05-26T20:00:00+00:00,44
10,2026-05-26T20:00:00+00:00,6
11,2026-05-26T20:00:00+00:00,245
12,2026-05-26T20:00:00+00:00,9
1,2026-05-26T21:00:00+00:00,541
2,2026-05-26T21:00:00+00:00,193
3,2026-05-26T21:00:00+00:00,67
4,2026-05-26T21:00:00+00:00,81
5,2026-05-26T21:00:00+00:00,27
6,2026-05-26T21:00:00+00:00,19
7,2026-05-26T21:00:00+00:00,23
8,2026-05-26T21:00:00+00:00,39
9,2026-05-26T21:00:00+00:00,43
10,2026-05-26T21:00:00+00:00,51
11,2026-05-26T21:00:00+00:00,45
12,2026-05-26T21:00:00+00:00,12
1,2026-05-26T22:00:00+00:00,493
2,2026-05-26T22:00:00+00:00,148
3,2026-05-26T22:00:00+00:00,97
4,2026-05-26T22:00:00+00:00,89
5,2026-05-26T22:00:00+00:00,26
6,2026-05-26T22:00:00+00:00,20
7,2026-05-26T22:00:00+00:00,18
8,2026-05-26T22:00:00+00:00,36
9,2026-05-26T22:00:00+00:00,34
10,2026-05-26T22:00:00+00:00,42
11,2026-05-26T22:00:00+00:00,32
12,2026-05-26T22:00:00+00:00,13
1,2026-05-26T23:00:00+00:00,350
2,2026-05-26T23:00:00+00:00,112
3,2026-05-26T23:00:00+00:00,10
4,2026-05-26T23:00:00+00:00,5
5,2026-05-26T23:00:00+00:00,5
6,2026-05-26T23:00:00+00:00,4
7,2026-05-26T23:00:00+00:00,5
8,2026-05-26T23:00:00+00:00,5
9,2026-05-26T23:00:00+00:00,37
10,2026-05-26T23:00:00+00:00,9
11,2026-05-26T23:00:00+00:00,77
12,2026-05-26T23:00:00+00:00,16
1,2026-05-27T00:00:00+00:00,68
2,2026-05-27T00:00:00+00:00,0
3,2026-05-27T00:00:00+00:00,25
4,2026-05-27T00:00:00+00:00,3
5,2026-05-27T00:00:00+00:00,3
6,2026-05-27T00:00:00+00:00,5
7,2026-05-27T00:00:00+00:00,1
8,2026-05-27T00:00:00+00:00,10
9,2026-05-27T00:00:00+00:00,44
10,2026-05-27T00:00:00+00:00,10
11,2026-05-27T00:00:00+00:00,25
12,2026-05-27T00:00:00+00:00,2
1,2026-05-27T01:00:00+00:00,54
2,2026-05-27T01:00:00+00:00,4
3,2026-05-27T01:00:00+00:00,21
4,2026-05-27T01:00:00+00:00,0
5,2026-05-27T01:00:00+00:00,7
6,2026-05-27T01:00:00+00:00,4
7,2026-05-27T01:00:00+00:00,2
8,2026-05-27T01:00:00+00:00,8
9,2026-05-27T01:00:00+00:00,8
10,2026-05-27T01:00:00+00:00,5
11,2026-05-27T01:00:00+00:00,0
12,2026-05-27T01:00:00+00:00,1
1,2026-05-27T14:00:00+00:00,528
2,2026-05-27T14:00:00+00:00,189
3,2026-05-27T14:00:00+00:00,7
4,2026-05-27T14:00:00+00:00,24
5,2026-05-27T14:00:00+00:00,1
6,2026-05-27T14:00:00+00:00,5
7,2026-05-27T14:00:00+00:00,0
8,2026-05-27T14:00:00+00:00,7
9,2026-05-27T14:00:00+00:00,10
10,2026-05-27T14:00:00+00:00,18
11,2026-05-27T14:00:00+00:00,46
12,2026-05-27T14:00:00+00:00,0
1,2026-05-27T15:00:00+00:00,559
2,2026-05-27T15:00:00+00:00,170
3,2026-05-27T15:00:00+00:00,90
4,2026-05-27T15:00:00+00:00,98
5,2026-05-27T15:00:00+00:00,31
6,2026-05-27T15:00:00+00:00,16
7,2026-05-27T15:00:00+00:00,21
8,2026-05-27T15:00:00+00:00,34
9,2026-05-27T15:00:00+00:00,36
10,2026-05-27T15:00:00+00:00,34
11,2026-05-27T15:00:00+00:00,43
12,2026-05-27T15:00:00+00:00,11
1,2026-05-27T16:00:00+00:00,385
2,2026-05-27T16:00:00+00:00,137
3,2026-05-27T16:00:00+00:00,86
4,2026-05-27T16:00:00+00:00,90
5,2026-05-27T16:00:00+00:00,33
6,2026-05-27T16:00:00+00:00,20
7,2026-05-27T16:00:00+00:00,25
8,2026-05-27T16:00:00+00:00,39
9,2026-05-27T16:00:00+00:00,52
10,2026-05-27T16:00:00+00:00,38
11,2026-05-27T16:00:00+00:00,37
12,2026-05-27T16:00:00+00:00,10
1,2026-05-27T17:00:00+00:00,439
2,2026-05-27T17:00:00+00:00,138
3,2026-05-27T17:00:00+00:00,94
4,2026-05-27T17:00:00+00:00,92
5,2026-05-27T17:00:00+00:00,28
6,2026-05-27T17:00:00+00:00,20
7,2026-05-27T17:00:00+00:00,18
8,2026-05-27T17:00:00+00:00,33
9,2026-05-27T17:00:00+00:00,50
10,2026-05-27T17:00:00+00:00,41
11,2026-05-27T17:00:00+00:00,43
12,2026-05-27T17:00:00+00:00,14
1,2026-05-27T18:00:00+00:00,53
2,2026-05-27T18:00:00+00:00,0
3,2026-05-27T18:00:00+00:00,11
4,2026-05-27T18:00:00+00:00,3
5,2026-05-27T18:00:00+00:00,5
6,2026-05-27T18:00:00+00:00,5
7,2026-05-27T18:00:00+00:00,5
8,2026-05-27T18:00:00+00:00,14
9,2026-05-27T18:00:00+00:00,40
10,2026-05-27T18:00:00+00:00,7
11,2026-05-27T18:00:00+00:00,58
12,2026-05-27T18:00:00+00:00,14
1,2026-05-27T19:00:00+00:00,10
2,2026-05-27T19:00:00+00:00,30
3,2026-05-27T19:00:00+00:00,18
4,2026-05-27T19:00:00+00:00,10
5,2026-05-27T19:00:00+00:00,5
6,2026-05-27T19:00:00+00:00,6
7,2026-05-27T19:00:00+00:00,5
8,2026-05-27T19:00:00+00:00,9
9,2026-05-27T19:00:00+00:00,39
10,2026-05-27T19:00:00+00:00,0
11,2026-05-27T19:00:00+00:00,252
12,2026-05-27T19:00:00+00:00,11
1,2026-05-27T20:00:00+00:00,51
2,2026-05-27T20:00:00+00:00,0
3,2026-05-27T20:00:00+00:00,18
4,2026-05-27T20:00:00+00:00,15
5,2026-05-27T20:00:00+00:00,3
6,2026-05-27T20:00:00+00:00,6
7,2026-05-27T20:00:00+00:00,3
8,2026-05-27T20:00:00+00:00,4
9,2026-05-27T20:00:00+00:00,47
10,2026-05-27T20:00:00+00:00,8
11,2026-05-27T20:00:00+00:00,233
12,2026-05-27T20:00:00+00:00,13
1,2026-05-27T21:00:00+00:00,479
2,2026-05-27T21:00:00+00:00,147
3,2026-05-27T21:00:00+00:00,67
4,2026-05-27T21:00:00+00:00,88
5,2026-05-27T21:00:00+00:00,28
6,2026-05-27T21:00:00+00:00,21
7,2026-05-27T21:00:00+00:00,24
8,2026-05-27T21:00:00+00:00,25
9,2026-05-27T21:00:00+00:00,55
10,2026-05-27T21:00:00+00:00,48
11,2026-05-27T21:00:00+00:00,21
12,2026-05-27T21:00:00+00:00,14
1,2026-05-27T22:00:00+00:00,441
2,2026-05-27T22:00:00+00:00,143
3,2026-05-27T22:00:00+00:00,83
4,2026-05-27T22:00:00+00:00,101
5,2026-05-27T22:00:00+00:00,29
6,2026-05-27T22:00:00+00:00,21
7,2026-05-27T22:00:00+00:00,23
8,2026-05-27T22:00:00+00:00,32
9,2026-05-27T22:00:00+00:00,56
10,2026-05-27T22:00:00+00:00,49
11,2026-05-27T22:00:00+00:00,55
12,2026-05-27T22:00:00+00:00,10
1,2026-05-27T23:00:00+00:00,351
2,2026-05-27T23:00:00+00:00,104
3,2026-05-27T23:00:00+00:00,18
4,2026-05-27T23:00:00+00:00,22
5,2026-05-27T23:00:00+00:00,7
6,2026-05-27T23:00:00+00:00,2
7,2026-05-27T23:00:00+00:00,8
8,2026-05-27T23:00:00+00:00,8
9,2026-05-27T23:00:00+00:00,47
10,2026-05-27T23:00:00+00:00,11
11,2026-05-27T23:00:00+00:00,52
12,2026-05-27T23:00:00+00:00,13
1,2026-05-28T00:00:00+00:00,39
2,2026-05-28T00:00:00+00:00,7
3,2026-05-28T00:00:00+00:00,6
4,2026-05-28T00:00:00+00:00,7
5,2026-05-28T00:00:00+00:00,5
6,2026-05-28T00:00:00+00:00,6
7,2026-05-28T00:00:00+00:00,3
8,2026-05-28T00:00:00+00:00,7
9,2026-05-28T00:00:00+00:00,44
10,2026-05-28T00:00:00+00:00,11
11,2026-05-28T00:00:00+00:00,60
12,2026-05-28T00:00:00+00:00,5
1,2026-05-28T01:00:00+00:00,0
2,2026-05-28T01:00:00+00:00,6
3,2026-05-28T01:00:00+00:00,17
4,2026-05-28T01:00:00+00:00,0
5,2026-05-28T01:00:00+00:00,11
6,2026-05-28T01:00:00+00:00,4
7,2026-05-28T01:00:00+00:00,2
8,2026-05-28T01:00:00+00:00,11
9,2026-05-28T01:00:00+00:00,0
10,2026-05-28T01:00:00+00:00,10
11,2026-05-28T01:00:00+00:00,0
12,2026-05-28T01:00:00+00:00,1
