id,groupe,type_activite,salle_id,heure_debut,heure_fin,jour_semaine
1,ITT1A,cours,1,2026-05-01 13:00:00,2026-05-01 15:00:00,4
2,ITT1A,cours,17,2026-05-01 17:00:00,2026-05-01 19:00:00,4
3,ITT1A,cours,1,2026-05-01 09:00:00,2026-05-01 11:00:00,4
4,ITT1B,cours,3,2026-05-01 13:00:00,2026-05-01 15:00:00,4
5,ITT1B,cours,1,2026-05-01 17:00:00,2026-05-01 19:00:00,4
6,ITT2A,cours,1,2026-05-01 17:00:00,2026-05-01 19:00:00,4
7,ITT2A,cours,1,2026-05-01 15:00:00,2026-05-01 17:00:00,4
8,ITT2B,cours,1,2026-05-01 11:00:00,2026-05-01 13:00:00,4
9,ITT2B,cours,1,2026-05-01 07:00:00,2026-05-01 09:00:00,4
10,ITT3RC,cours,6,2026-05-01 09:00:00,2026-05-01 11:00:00,4
11,ITT3IR,cours,1,2026-05-01 17:00:00,2026-05-01 19:00:00,4
12,IPT1,cours,6,2026-05-01 17:00:00,2026-05-01 19:00:00,4
13,IPT2,cours,3,2026-05-01 09:00:00,2026-05-01 11:00:00,4
14,ITT1A-G4,tp,5,2026-05-01 15:00:00,2026-05-01 17:00:00,4
15,ITT1A-G4,tp,16,2026-05-01 13:00:00,2026-05-01 15:00:00,4
16,ITT1B-G1,tp,12,2026-05-01 13:00:00,2026-05-01 15:00:00,4
17,ITT1B-G1,tp,12,2026-05-01 11:00:00,2026-05-01 13:00:00,4
18,ITT1B-G2,tp,10,2026-05-01 07:00:00,2026-05-01 09:00:00,4
19,ITT1B-G3,tp,14,2026-05-01 11:00:00,2026-05-01 13:00:00,4
20,ITT2A-G1,tp,2,2026-05-01 17:00:00,2026-05-01 19:00:00,4
21,ITT2A-G2,tp,8,2026-05-01 17:00:00,2026-05-01 19:00:00,4
22,ITT2A-G3,tp,9,2026-05-01 13:00:00,2026-05-01 15:00:00,4
23,ITT2A-G3,tp,6,2026-05-01 11:00:00,2026-05-01 13:00:00,4
24,ITT2A-G4,tp,4,2026-05-01 13:00:00,2026-05-01 15:00:00,4
25,ITT1A,cours,13,2026-05-02 11:00:00,2026-05-02 13:00:00,5
26,ITT1A,cours,13,2026-05-02 15:00:00,2026-05-02 17:00:00,5
27,ITT1A,cours,1,2026-05-02 07:00:00,2026-05-02 09:00:00,5
28,ITT1B,cours,4,2026-05-02 13:00:00,2026-05-02 15:00:00,5
29,ITT2A,cours,1,2026-05-02 09:00:00,2026-05-02 11:00:00,5
30,ITT2A,cours,1,2026-05-02 11:00:00,2026-05-02 13:00:00,5
31,ITT2A,cours,1,2026-05-02 13:00:00,2026-05-02 15:00:00,5
32,ITT2B,cours,3,2026-05-02 15:00:00,2026-05-02 17:00:00,5
33,ITT3RC,cours,1,2026-05-02 07:00:00,2026-05-02 09:00:00,5
34,ITT3RC,cours,1,2026-05-02 17:00:00,2026-05-02 19:00:00,5
35,ITT3IR,cours,1,2026-05-02 09:00:00,2026-05-02 11:00:00,5
36,ITT3IR,cours,5,2026-05-02 17:00:00,2026-05-02 19:00:00,5
37,IPT1,cours,1,2026-05-02 09:00:00,2026-05-02 11:00:00,5
38,IPT2,cours,1,2026-05-02 17:00:00,2026-05-02 19:00:00,5
39,IPT2,cours,13,2026-05-02 07:00:00,2026-05-02 09:00:00,5
40,IPT2,cours,4,2026-05-02 15:00:00,2026-05-02 17:00:00,5
41,ITT1A-G1,tp,2,2026-05-02 15:00:00,2026-05-02 17:00:00,5
42,ITT1A-G1,tp,3,2026-05-02 11:00:00,2026-05-02 13:00:00,5
43,ITT1A-G2,tp,16,2026-05-02 09:00:00,2026-05-02 11:00:00,5
44,ITT1A-G2,tp,11,2026-05-02 07:00:00,2026-05-02 09:00:00,5
45,ITT1A-G3,tp,10,2026-05-02 11:00:00,2026-05-02 13:00:00,5
46,ITT1B-G1,tp,7,2026-05-02 13:00:00,2026-05-02 15:00:00,5
47,ITT1B-G3,tp,16,2026-05-02 15:00:00,2026-05-02 17:00:00,5
48,ITT2A-G2,tp,15,2026-05-02 11:00:00,2026-05-02 13:00:00,5
49,ITT2A-G2,tp,12,2026-05-02 15:00:00,2026-05-02 17:00:00,5
50,ITT2B-G2,tp,12,2026-05-02 07:00:00,2026-05-02 09:00:00,5
51,ITT2B-G2,tp,3,2026-05-02 13:00:00,2026-05-02 15:00:00,5
52,ITT1A,cours,1,2026-05-03 09:00:00,2026-05-03 11:00:00,6
53,ITT1A,cours,1,2026-05-03 07:00:00,2026-05-03 09:00:00,6
54,ITT1A,cours,3,2026-05-03 15:00:00,2026-05-03 17:00:00,6
55,ITT1B,cours,1,2026-05-03 09:00:00,2026-05-03 11:00:00,6
56,ITT2A,cours,1,2026-05-03 15:00:00,2026-05-03 17:00:00,6
57,ITT2A,cours,1,2026-05-03 09:00:00,2026-05-03 11:00:00,6
58,ITT2B,cours,14,2026-05-03 15:00:00,2026-05-03 17:00:00,6
59,ITT2B,cours,14,2026-05-03 17:00:00,2026-05-03 19:00:00,6
60,ITT2B,cours,1,2026-05-03 07:00:00,2026-05-03 09:00:00,6
61,ITT3RC,cours,14,2026-05-03 17:00:00,2026-05-03 19:00:00,6
62,ITT3RC,cours,17,2026-05-03 09:00:00,2026-05-03 11:00:00,6
63,ITT3IR,cours,1,2026-05-03 09:00:00,2026-05-03 11:00:00,6
64,ITT3IR,cours,6,2026-05-03 15:00:00,2026-05-03 17:00:00,6
65,ITT3IR,cours,1,2026-05-03 13:00:00,2026-05-03 15:00:00,6
66,IPT1,cours,1,2026-05-03 07:00:00,2026-05-03 09:00:00,6
67,IPT1,cours,1,2026-05-03 11:00:00,2026-05-03 13:00:00,6
68,IPT1,cours,17,2026-05-03 13:00:00,2026-05-03 15:00:00,6
69,IPT2,cours,1,2026-05-03 15:00:00,2026-05-03 17:00:00,6
70,IPT2,cours,1,2026-05-03 13:00:00,2026-05-03 15:00:00,6
71,ITT1A-G1,tp,17,2026-05-03 13:00:00,2026-05-03 15:00:00,6
72,ITT1A-G1,tp,6,2026-05-03 07:00:00,2026-05-03 09:00:00,6
73,ITT1A-G2,tp,4,2026-05-03 09:00:00,2026-05-03 11:00:00,6
74,ITT1A-G3,tp,4,2026-05-03 09:00:00,2026-05-03 11:00:00,6
75,ITT1B-G1,tp,4,2026-05-03 07:00:00,2026-05-03 09:00:00,6
76,ITT1B-G1,tp,11,2026-05-03 17:00:00,2026-05-03 19:00:00,6
77,ITT1B-G2,tp,6,2026-05-03 17:00:00,2026-05-03 19:00:00,6
78,ITT1B-G2,tp,12,2026-05-03 09:00:00,2026-05-03 11:00:00,6
79,ITT1B-G3,tp,10,2026-05-03 07:00:00,2026-05-03 09:00:00,6
80,ITT2A-G1,tp,5,2026-05-03 15:00:00,2026-05-03 17:00:00,6
81,ITT2A-G1,tp,6,2026-05-03 13:00:00,2026-05-03 15:00:00,6
82,ITT2A-G2,tp,2,2026-05-03 13:00:00,2026-05-03 15:00:00,6
83,ITT2A-G4,tp,15,2026-05-03 09:00:00,2026-05-03 11:00:00,6
84,ITT2B-G2,tp,12,2026-05-03 09:00:00,2026-05-03 11:00:00,6
85,ITT2B-G3,tp,13,2026-05-03 07:00:00,2026-05-03 09:00:00,6
86,ITT2B-G4,tp,6,2026-05-03 07:00:00,2026-05-03 09:00:00,6
87,ITT1A,cours,1,2026-05-04 13:00:00,2026-05-04 15:00:00,0
88,ITT1A,cours,1,2026-05-04 07:00:00,2026-05-04 09:00:00,0
89,ITT1A,cours,13,2026-05-04 11:00:00,2026-05-04 13:00:00,0
90,ITT1B,cours,1,2026-05-04 17:00:00,2026-05-04 19:00:00,0
91,ITT1B,cours,13,2026-05-04 11:00:00,2026-05-04 13:00:00,0
92,ITT2A,cours,5,2026-05-04 11:00:00,2026-05-04 13:00:00,0
93,ITT2B,cours,14,2026-05-04 15:00:00,2026-05-04 17:00:00,0
94,ITT2B,cours,1,2026-05-04 17:00:00,2026-05-04 19:00:00,0
95,ITT2B,cours,3,2026-05-04 09:00:00,2026-05-04 11:00:00,0
96,ITT3RC,cours,1,2026-05-04 15:00:00,2026-05-04 17:00:00,0
97,ITT3RC,cours,4,2026-05-04 09:00:00,2026-05-04 11:00:00,0
98,ITT3RC,cours,1,2026-05-04 17:00:00,2026-05-04 19:00:00,0
99,ITT3IR,cours,14,2026-05-04 15:00:00,2026-05-04 17:00:00,0
100,ITT3IR,cours,1,2026-05-04 17:00:00,2026-05-04 19:00:00,0
101,IPT1,cours,1,2026-05-04 17:00:00,2026-05-04 19:00:00,0
102,IPT1,cours,1,2026-05-04 11:00:00,2026-05-04 13:00:00,0
103,IPT1,cours,1,2026-05-04 15:00:00,2026-05-04 17:00:00,0
104,IPT2,cours,1,2026-05-04 15:00:00,2026-05-04 17:00:00,0
105,IPT2,cours,1,2026-05-04 11:00:00,2026-05-04 13:00:00,0
106,IPT2,cours,4,2026-05-04 09:00:00,2026-05-04 11:00:00,0
107,ITT1A-G3,tp,15,2026-05-04 07:00:00,2026-05-04 09:00:00,0
108,ITT1A-G3,tp,11,2026-05-04 09:00:00,2026-05-04 11:00:00,0
109,ITT1A-G4,tp,14,2026-05-04 07:00:00,2026-05-04 09:00:00,0
110,ITT1A-G4,tp,14,2026-05-04 17:00:00,2026-05-04 19:00:00,0
111,ITT1B-G1,tp,4,2026-05-04 17:00:00,2026-05-04 19:00:00,0
112,ITT1B-G1,tp,11,2026-05-04 11:00:00,2026-05-04 13:00:00,0
113,ITT1B-G2,tp,5,2026-05-04 07:00:00,2026-05-04 09:00:00,0
114,ITT1B-G2,tp,12,2026-05-04 13:00:00,2026-05-04 15:00:00,0
115,ITT1B-G4,tp,3,2026-05-04 17:00:00,2026-05-04 19:00:00,0
116,ITT2A-G2,tp,11,2026-05-04 13:00:00,2026-05-04 15:00:00,0
117,ITT2A-G3,tp,4,2026-05-04 15:00:00,2026-05-04 17:00:00,0
118,ITT2A-G4,tp,8,2026-05-04 13:00:00,2026-05-04 15:00:00,0
119,ITT2A-G4,tp,16,2026-05-04 15:00:00,2026-05-04 17:00:00,0
120,ITT2B-G1,tp,2,2026-05-04 07:00:00,2026-05-04 09:00:00,0
121,ITT2B-G1,tp,13,2026-05-04 11:00:00,2026-05-04 13:00:00,0
122,ITT2B-G2,tp,2,2026-05-04 15:00:00,2026-05-04 17:00:00,0
123,ITT2B-G2,tp,6,2026-05-04 09:00:00,2026-05-04 11:00:00,0
124,ITT2B-G3,tp,9,2026-05-04 17:00:00,2026-05-04 19:00:00,0
125,ITT2B-G4,tp,11,2026-05-04 17:00:00,2026-05-04 19:00:00,0
126,ITT1A,cours,12,2026-05-05 09:00:00,2026-05-05 11:00:00,1
127,ITT1A,cours,1,2026-05-05 11:00:00,2026-05-05 13:00:00,1
128,ITT1A,cours,13,2026-05-05 15:00:00,2026-05-05 17:00:00,1
129,ITT1B,cours,1,2026-05-05 15:00:00,2026-05-05 17:00:00,1
130,ITT1B,cours,1,2026-05-05 17:00:00,2026-05-05 19:00:00,1
131,ITT2A,cours,1,2026-05-05 15:00:00,2026-05-05 17:00:00,1
132,ITT2A,cours,1,2026-05-05 09:00:00,2026-05-05 11:00:00,1
133,ITT2B,cours,5,2026-05-05 17:00:00,2026-05-05 19:00:00,1
134,ITT3RC,cours,15,2026-05-05 15:00:00,2026-05-05 17:00:00,1
135,ITT3IR,cours,1,2026-05-05 15:00:00,2026-05-05 17:00:00,1
136,ITT3IR,cours,1,2026-05-05 11:00:00,2026-05-05 13:00:00,1
137,IPT1,cours,1,2026-05-05 11:00:00,2026-05-05 13:00:00,1
138,IPT2,cours,1,2026-05-05 17:00:00,2026-05-05 19:00:00,1
139,IPT2,cours,12,2026-05-05 15:00:00,2026-05-05 17:00:00,1
140,ITT1A-G1,tp,16,2026-05-05 17:00:00,2026-05-05 19:00:00,1
141,ITT1A-G1,tp,8,2026-05-05 11:00:00,2026-05-05 13:00:00,1
142,ITT1A-G2,tp,4,2026-05-05 09:00:00,2026-05-05 11:00:00,1
143,ITT1A-G3,tp,9,2026-05-05 07:00:00,2026-05-05 09:00:00,1
144,ITT1A-G4,tp,2,2026-05-05 17:00:00,2026-05-05 19:00:00,1
145,ITT1A-G4,tp,17,2026-05-05 13:00:00,2026-05-05 15:00:00,1
146,ITT2A-G1,tp,11,2026-05-05 11:00:00,2026-05-05 13:00:00,1
147,ITT2A-G1,tp,13,2026-05-05 17:00:00,2026-05-05 19:00:00,1
148,ITT2A-G2,tp,15,2026-05-05 17:00:00,2026-05-05 19:00:00,1
149,ITT2A-G3,tp,13,2026-05-05 13:00:00,2026-05-05 15:00:00,1
150,ITT2A-G4,tp,17,2026-05-05 13:00:00,2026-05-05 15:00:00,1
151,ITT2A-G4,tp,11,2026-05-05 09:00:00,2026-05-05 11:00:00,1
152,ITT2B-G2,tp,7,2026-05-05 17:00:00,2026-05-05 19:00:00,1
153,ITT2B-G2,tp,9,2026-05-05 13:00:00,2026-05-05 15:00:00,1
154,ITT2B-G3,tp,17,2026-05-05 13:00:00,2026-05-05 15:00:00,1
155,ITT2B-G3,tp,16,2026-05-05 15:00:00,2026-05-05 17:00:00,1
156,ITT2B-G4,tp,10,2026-05-05 11:00:00,2026-05-05 13:00:00,1
157,ITT2B-G4,tp,5,2026-05-05 13:00:00,2026-05-05 15:00:00,1
158,ITT1A,cours,1,2026-05-06 09:00:00,2026-05-06 11:00:00,2
159,ITT1A,cours,1,2026-05-06 11:00:00,2026-05-06 13:00:00,2
160,ITT1B,cours,1,2026-05-06 11:00:00,2026-05-06 13:00:00,2
161,ITT1B,cours,15,2026-05-06 09:00:00,2026-05-06 11:00:00,2
162,ITT1B,cours,13,2026-05-06 07:00:00,2026-05-06 09:00:00,2
163,ITT2A,cours,1,2026-05-06 13:00:00,2026-05-06 15:00:00,2
164,ITT2A,cours,12,2026-05-06 15:00:00,2026-05-06 17:00:00,2
165,ITT2A,cours,1,2026-05-06 11:00:00,2026-05-06 13:00:00,2
166,ITT2B,cours,3,2026-05-06 15:00:00,2026-05-06 17:00:00,2
167,ITT2B,cours,6,2026-05-06 17:00:00,2026-05-06 19:00:00,2
168,ITT3RC,cours,1,2026-05-06 11:00:00,2026-05-06 13:00:00,2
169,ITT3RC,cours,14,2026-05-06 15:00:00,2026-05-06 17:00:00,2
170,ITT3IR,cours,12,2026-05-06 11:00:00,2026-05-06 13:00:00,2
171,IPT1,cours,6,2026-05-06 13:00:00,2026-05-06 15:00:00,2
172,IPT2,cours,1,2026-05-06 11:00:00,2026-05-06 13:00:00,2
173,IPT2,cours,13,2026-05-06 13:00:00,2026-05-06 15:00:00,2
174,ITT1A-G1,tp,5,2026-05-06 15:00:00,2026-05-06 17:00:00,2
175,ITT1A-G2,tp,7,2026-05-06 15:00:00,2026-05-06 17:00:00,2
176,ITT1A-G2,tp,14,2026-05-06 17:00:00,2026-05-06 19:00:00,2
177,ITT1A-G3,tp,7,2026-05-06 13:00:00,2026-05-06 15:00:00,2
178,ITT1A-G3,tp,14,2026-05-06 17:00:00,2026-05-06 19:00:00,2
179,ITT1A-G4,tp,15,2026-05-06 09:00:00,2026-05-06 11:00:00,2
180,ITT1B-G1,tp,6,2026-05-06 09:00:00,2026-05-06 11:00:00,2
181,ITT1B-G3,tp,14,2026-05-06 17:00:00,2026-05-06 19:00:00,2
182,ITT2A-G1,tp,15,2026-05-06 07:00:00,2026-05-06 09:00:00,2
183,ITT2A-G1,tp,10,2026-05-06 11:00:00,2026-05-06 13:00:00,2
184,ITT2A-G2,tp,3,2026-05-06 09:00:00,2026-05-06 11:00:00,2
185,ITT2A-G4,tp,10,2026-05-06 09:00:00,2026-05-06 11:00:00,2
186,ITT2B-G1,tp,12,2026-05-06 09:00:00,2026-05-06 11:00:00,2
187,ITT2B-G2,tp,16,2026-05-06 09:00:00,2026-05-06 11:00:00,2
188,ITT2B-G2,tp,10,2026-05-06 07:00:00,2026-05-06 09:00:00,2
189,ITT2B-G3,tp,6,2026-05-06 09:00:00,2026-05-06 11:00:00,2
190,ITT2B-G3,tp,17,2026-05-06 15:00:00,2026-05-06 17:00:00,2
191,ITT2B-G4,tp,2,2026-05-06 13:00:00,2026-05-06 15:00:00,2
192,ITT2B-G4,tp,16,2026-05-06 15:00:00,2026-05-06 17:00:00,2
193,ITT1A,cours,1,2026-05-08 17:00:00,2026-05-08 19:00:00,4
194,ITT1B,cours,1,2026-05-08 09:00:00,2026-05-08 11:00:00,4
195,ITT1B,cours,1,2026-05-08 15:00:00,2026-05-08 17:00:00,4
196,ITT1B,cours,1,2026-05-08 07:00:00,2026-05-08 09:00:00,4
197,ITT2A,cours,1,2026-05-08 07:00:00,2026-05-08 09:00:00,4
198,ITT2B,cours,1,2026-05-08 11:00:00,2026-05-08 13:00:00,4
199,ITT3RC,cours,1,2026-05-08 13:00:00,2026-05-08 15:00:00,4
200,ITT3RC,cours,1,2026-05-08 07:00:00,2026-05-08 09:00:00,4
201,ITT3RC,cours,17,2026-05-08 17:00:00,2026-05-08 19:00:00,4
202,ITT3IR,cours,1,2026-05-08 17:00:00,2026-05-08 19:00:00,4
203,ITT3IR,cours,1,2026-05-08 09:00:00,2026-05-08 11:00:00,4
204,ITT3IR,cours,12,2026-05-08 13:00:00,2026-05-08 15:00:00,4
205,IPT1,cours,1,2026-05-08 13:00:00,2026-05-08 15:00:00,4
206,IPT2,cours,1,2026-05-08 11:00:00,2026-05-08 13:00:00,4
207,ITT1A-G2,tp,3,2026-05-08 15:00:00,2026-05-08 17:00:00,4
208,ITT1A-G3,tp,17,2026-05-08 15:00:00,2026-05-08 17:00:00,4
209,ITT1A-G4,tp,3,2026-05-08 17:00:00,2026-05-08 19:00:00,4
210,ITT1B-G1,tp,12,2026-05-08 17:00:00,2026-05-08 19:00:00,4
211,ITT1B-G2,tp,14,2026-05-08 17:00:00,2026-05-08 19:00:00,4
212,ITT1B-G3,tp,14,2026-05-08 17:00:00,2026-05-08 19:00:00,4
213,ITT2A-G1,tp,13,2026-05-08 17:00:00,2026-05-08 19:00:00,4
214,ITT2A-G1,tp,8,2026-05-08 13:00:00,2026-05-08 15:00:00,4
215,ITT2A-G3,tp,12,2026-05-08 15:00:00,2026-05-08 17:00:00,4
216,ITT2A-G4,tp,4,2026-05-08 11:00:00,2026-05-08 13:00:00,4
217,ITT2A-G4,tp,17,2026-05-08 09:00:00,2026-05-08 11:00:00,4
218,ITT2B-G1,tp,13,2026-05-08 09:00:00,2026-05-08 11:00:00,4
219,ITT2B-G2,tp,15,2026-05-08 13:00:00,2026-05-08 15:00:00,4
220,ITT2B-G2,tp,4,2026-05-08 15:00:00,2026-05-08 17:00:00,4
221,ITT2B-G4,tp,17,2026-05-08 15:00:00,2026-05-08 17:00:00,4
222,ITT1A,cours,13,2026-05-09 13:00:00,2026-05-09 15:00:00,5
223,ITT1A,cours,15,2026-05-09 09:00:00,2026-05-09 11:00:00,5
224,ITT1A,cours,5,2026-05-09 11:00:00,2026-05-09 13:00:00,5
225,ITT1B,cours,3,2026-05-09 13:00:00,2026-05-09 15:00:00,5
226,ITT1B,cours,16,2026-05-09 09:00:00,2026-05-09 11:00:00,5
227,ITT2A,cours,13,2026-05-09 17:00:00,2026-05-09 19:00:00,5
228,ITT2B,cours,1,2026-05-09 13:00:00,2026-05-09 15:00:00,5
229,ITT2B,cours,1,2026-05-09 11:00:00,2026-05-09 13:00:00,5
230,ITT2B,cours,1,2026-05-09 07:00:00,2026-05-09 09:00:00,5
231,ITT3RC,cours,6,2026-05-09 07:00:00,2026-05-09 09:00:00,5
232,ITT3IR,cours,1,2026-05-09 09:00:00,2026-05-09 11:00:00,5
233,IPT1,cours,1,2026-05-09 09:00:00,2026-05-09 11:00:00,5
234,IPT2,cours,6,2026-05-09 11:00:00,2026-05-09 13:00:00,5
235,IPT2,cours,1,2026-05-09 15:00:00,2026-05-09 17:00:00,5
236,ITT1A-G1,tp,3,2026-05-09 07:00:00,2026-05-09 09:00:00,5
237,ITT1A-G2,tp,17,2026-05-09 17:00:00,2026-05-09 19:00:00,5
238,ITT1A-G2,tp,4,2026-05-09 07:00:00,2026-05-09 09:00:00,5
239,ITT1A-G3,tp,8,2026-05-09 17:00:00,2026-05-09 19:00:00,5
240,ITT1A-G3,tp,7,2026-05-09 13:00:00,2026-05-09 15:00:00,5
241,ITT1A-G4,tp,2,2026-05-09 17:00:00,2026-05-09 19:00:00,5
242,ITT1A-G4,tp,16,2026-05-09 11:00:00,2026-05-09 13:00:00,5
243,ITT1B-G1,tp,6,2026-05-09 17:00:00,2026-05-09 19:00:00,5
244,ITT1B-G1,tp,15,2026-05-09 13:00:00,2026-05-09 15:00:00,5
245,ITT1B-G2,tp,6,2026-05-09 15:00:00,2026-05-09 17:00:00,5
246,ITT1B-G2,tp,8,2026-05-09 09:00:00,2026-05-09 11:00:00,5
247,ITT2A-G2,tp,15,2026-05-09 07:00:00,2026-05-09 09:00:00,5
248,ITT2A-G3,tp,2,2026-05-09 13:00:00,2026-05-09 15:00:00,5
249,ITT2A-G3,tp,15,2026-05-09 07:00:00,2026-05-09 09:00:00,5
250,ITT2B-G1,tp,13,2026-05-09 07:00:00,2026-05-09 09:00:00,5
251,ITT2B-G1,tp,16,2026-05-09 09:00:00,2026-05-09 11:00:00,5
252,ITT2B-G2,tp,5,2026-05-09 17:00:00,2026-05-09 19:00:00,5
253,ITT2B-G3,tp,14,2026-05-09 13:00:00,2026-05-09 15:00:00,5
254,ITT2B-G4,tp,17,2026-05-09 07:00:00,2026-05-09 09:00:00,5
255,ITT2B-G4,tp,12,2026-05-09 09:00:00,2026-05-09 11:00:00,5
256,ITT1A,cours,1,2026-05-10 09:00:00,2026-05-10 11:00:00,6
257,ITT1A,cours,1,2026-05-10 11:00:00,2026-05-10 13:00:00,6
258,ITT1B,cours,1,2026-05-10 07:00:00,2026-05-10 09:00:00,6
259,ITT2A,cours,14,2026-05-10 07:00:00,2026-05-10 09:00:00,6
260,ITT2A,cours,6,2026-05-10 13:00:00,2026-05-10 15:00:00,6
261,ITT2A,cours,1,2026-05-10 11:00:00,2026-05-10 13:00:00,6
262,ITT2B,cours,4,2026-05-10 09:00:00,2026-05-10 11:00:00,6
263,ITT2B,cours,3,2026-05-10 13:00:00,2026-05-10 15:00:00,6
264,ITT2B,cours,14,2026-05-10 15:00:00,2026-05-10 17:00:00,6
265,ITT3RC,cours,14,2026-05-10 07:00:00,2026-05-10 09:00:00,6
266,ITT3RC,cours,1,2026-05-10 11:00:00,2026-05-10 13:00:00,6
267,ITT3IR,cours,1,2026-05-10 07:00:00,2026-05-10 09:00:00,6
268,ITT3IR,cours,1,2026-05-10 17:00:00,2026-05-10 19:00:00,6
269,IPT1,cours,1,2026-05-10 13:00:00,2026-05-10 15:00:00,6
270,IPT1,cours,1,2026-05-10 09:00:00,2026-05-10 11:00:00,6
271,IPT2,cours,12,2026-05-10 17:00:00,2026-05-10 19:00:00,6
272,IPT2,cours,3,2026-05-10 13:00:00,2026-05-10 15:00:00,6
273,IPT2,cours,1,2026-05-10 07:00:00,2026-05-10 09:00:00,6
274,ITT1A-G1,tp,13,2026-05-10 11:00:00,2026-05-10 13:00:00,6
275,ITT1A-G1,tp,16,2026-05-10 07:00:00,2026-05-10 09:00:00,6
276,ITT1A-G2,tp,4,2026-05-10 11:00:00,2026-05-10 13:00:00,6
277,ITT1B-G1,tp,2,2026-05-10 09:00:00,2026-05-10 11:00:00,6
278,ITT1B-G2,tp,8,2026-05-10 11:00:00,2026-05-10 13:00:00,6
279,ITT1B-G3,tp,17,2026-05-10 13:00:00,2026-05-10 15:00:00,6
280,ITT2A-G1,tp,3,2026-05-10 15:00:00,2026-05-10 17:00:00,6
281,ITT2A-G2,tp,4,2026-05-10 11:00:00,2026-05-10 13:00:00,6
282,ITT2A-G4,tp,12,2026-05-10 15:00:00,2026-05-10 17:00:00,6
283,ITT2B-G2,tp,5,2026-05-10 09:00:00,2026-05-10 11:00:00,6
284,ITT2B-G2,tp,14,2026-05-10 13:00:00,2026-05-10 15:00:00,6
285,ITT2B-G3,tp,16,2026-05-10 09:00:00,2026-05-10 11:00:00,6
286,ITT1A,cours,1,2026-05-11 17:00:00,2026-05-11 19:00:00,0
287,ITT1A,cours,1,2026-05-11 15:00:00,2026-05-11 17:00:00,0
288,ITT1B,cours,17,2026-05-11 11:00:00,2026-05-11 13:00:00,0
289,ITT2A,cours,12,2026-05-11 13:00:00,2026-05-11 15:00:00,0
290,ITT2A,cours,3,2026-05-11 15:00:00,2026-05-11 17:00:00,0
291,ITT2A,cours,3,2026-05-11 09:00:00,2026-05-11 11:00:00,0
292,ITT2B,cours,1,2026-05-11 17:00:00,2026-05-11 19:00:00,0
293,ITT2B,cours,1,2026-05-11 07:00:00,2026-05-11 09:00:00,0
294,ITT3RC,cours,1,2026-05-11 15:00:00,2026-05-11 17:00:00,0
295,ITT3IR,cours,1,2026-05-11 07:00:00,2026-05-11 09:00:00,0
296,ITT3IR,cours,1,2026-05-11 13:00:00,2026-05-11 15:00:00,0
297,IPT1,cours,17,2026-05-11 17:00:00,2026-05-11 19:00:00,0
298,IPT2,cours,5,2026-05-11 13:00:00,2026-05-11 15:00:00,0
299,ITT1A-G1,tp,3,2026-05-11 07:00:00,2026-05-11 09:00:00,0
300,ITT1A-G1,tp,5,2026-05-11 13:00:00,2026-05-11 15:00:00,0
301,ITT1A-G3,tp,3,2026-05-11 17:00:00,2026-05-11 19:00:00,0
302,ITT1A-G3,tp,16,2026-05-11 13:00:00,2026-05-11 15:00:00,0
303,ITT1A-G4,tp,4,2026-05-11 13:00:00,2026-05-11 15:00:00,0
304,ITT1A-G4,tp,16,2026-05-11 15:00:00,2026-05-11 17:00:00,0
305,ITT1B-G1,tp,12,2026-05-11 09:00:00,2026-05-11 11:00:00,0
306,ITT1B-G1,tp,17,2026-05-11 17:00:00,2026-05-11 19:00:00,0
307,ITT1B-G2,tp,3,2026-05-11 17:00:00,2026-05-11 19:00:00,0
308,ITT1B-G3,tp,14,2026-05-11 15:00:00,2026-05-11 17:00:00,0
309,ITT1B-G4,tp,15,2026-05-11 11:00:00,2026-05-11 13:00:00,0
310,ITT1B-G4,tp,8,2026-05-11 07:00:00,2026-05-11 09:00:00,0
311,ITT2A-G1,tp,17,2026-05-11 13:00:00,2026-05-11 15:00:00,0
312,ITT2A-G1,tp,2,2026-05-11 09:00:00,2026-05-11 11:00:00,0
313,ITT2A-G3,tp,6,2026-05-11 09:00:00,2026-05-11 11:00:00,0
314,ITT2A-G3,tp,6,2026-05-11 15:00:00,2026-05-11 17:00:00,0
315,ITT2A-G4,tp,12,2026-05-11 13:00:00,2026-05-11 15:00:00,0
316,ITT2A-G4,tp,12,2026-05-11 09:00:00,2026-05-11 11:00:00,0
317,ITT2B-G2,tp,3,2026-05-11 07:00:00,2026-05-11 09:00:00,0
318,ITT2B-G2,tp,6,2026-05-11 17:00:00,2026-05-11 19:00:00,0
319,ITT2B-G3,tp,14,2026-05-11 13:00:00,2026-05-11 15:00:00,0
320,ITT1A,cours,15,2026-05-12 15:00:00,2026-05-12 17:00:00,1
321,ITT1A,cours,1,2026-05-12 11:00:00,2026-05-12 13:00:00,1
322,ITT1A,cours,13,2026-05-12 13:00:00,2026-05-12 15:00:00,1
323,ITT1B,cours,1,2026-05-12 09:00:00,2026-05-12 11:00:00,1
324,ITT1B,cours,14,2026-05-12 15:00:00,2026-05-12 17:00:00,1
325,ITT2A,cours,1,2026-05-12 09:00:00,2026-05-12 11:00:00,1
326,ITT2A,cours,16,2026-05-12 11:00:00,2026-05-12 13:00:00,1
327,ITT2A,cours,15,2026-05-12 17:00:00,2026-05-12 19:00:00,1
328,ITT2B,cours,1,2026-05-12 17:00:00,2026-05-12 19:00:00,1
329,ITT2B,cours,12,2026-05-12 09:00:00,2026-05-12 11:00:00,1
330,ITT2B,cours,3,2026-05-12 07:00:00,2026-05-12 09:00:00,1
331,ITT3RC,cours,1,2026-05-12 07:00:00,2026-05-12 09:00:00,1
332,ITT3RC,cours,17,2026-05-12 09:00:00,2026-05-12 11:00:00,1
333,ITT3RC,cours,1,2026-05-12 17:00:00,2026-05-12 19:00:00,1
334,ITT3IR,cours,1,2026-05-12 15:00:00,2026-05-12 17:00:00,1
335,ITT3IR,cours,14,2026-05-12 07:00:00,2026-05-12 09:00:00,1
336,IPT1,cours,15,2026-05-12 07:00:00,2026-05-12 09:00:00,1
337,IPT1,cours,1,2026-05-12 09:00:00,2026-05-12 11:00:00,1
338,IPT1,cours,6,2026-05-12 17:00:00,2026-05-12 19:00:00,1
339,IPT2,cours,1,2026-05-12 13:00:00,2026-05-12 15:00:00,1
340,IPT2,cours,1,2026-05-12 11:00:00,2026-05-12 13:00:00,1
341,ITT1A-G1,tp,3,2026-05-12 15:00:00,2026-05-12 17:00:00,1
342,ITT1A-G1,tp,6,2026-05-12 13:00:00,2026-05-12 15:00:00,1
343,ITT1A-G2,tp,11,2026-05-12 11:00:00,2026-05-12 13:00:00,1
344,ITT1A-G2,tp,3,2026-05-12 09:00:00,2026-05-12 11:00:00,1
345,ITT1A-G3,tp,8,2026-05-12 07:00:00,2026-05-12 09:00:00,1
346,ITT1B-G2,tp,6,2026-05-12 11:00:00,2026-05-12 13:00:00,1
347,ITT2A-G2,tp,4,2026-05-12 09:00:00,2026-05-12 11:00:00,1
348,ITT2A-G4,tp,16,2026-05-12 17:00:00,2026-05-12 19:00:00,1
349,ITT2A-G4,tp,15,2026-05-12 13:00:00,2026-05-12 15:00:00,1
350,ITT2B-G4,tp,3,2026-05-12 13:00:00,2026-05-12 15:00:00,1
351,ITT1A,cours,6,2026-05-13 15:00:00,2026-05-13 17:00:00,2
352,ITT1A,cours,1,2026-05-13 09:00:00,2026-05-13 11:00:00,2
353,ITT1B,cours,1,2026-05-13 15:00:00,2026-05-13 17:00:00,2
354,ITT1B,cours,1,2026-05-13 13:00:00,2026-05-13 15:00:00,2
355,ITT2A,cours,1,2026-05-13 17:00:00,2026-05-13 19:00:00,2
356,ITT2A,cours,1,2026-05-13 15:00:00,2026-05-13 17:00:00,2
357,ITT2A,cours,1,2026-05-13 13:00:00,2026-05-13 15:00:00,2
358,ITT2B,cours,14,2026-05-13 17:00:00,2026-05-13 19:00:00,2
359,ITT2B,cours,17,2026-05-13 07:00:00,2026-05-13 09:00:00,2
360,ITT2B,cours,13,2026-05-13 15:00:00,2026-05-13 17:00:00,2
361,ITT3RC,cours,1,2026-05-13 15:00:00,2026-05-13 17:00:00,2
362,ITT3IR,cours,1,2026-05-13 07:00:00,2026-05-13 09:00:00,2
363,IPT1,cours,1,2026-05-13 09:00:00,2026-05-13 11:00:00,2
364,IPT1,cours,1,2026-05-13 07:00:00,2026-05-13 09:00:00,2
365,IPT2,cours,1,2026-05-13 11:00:00,2026-05-13 13:00:00,2
366,ITT1A-G1,tp,10,2026-05-13 15:00:00,2026-05-13 17:00:00,2
367,ITT1A-G1,tp,15,2026-05-13 17:00:00,2026-05-13 19:00:00,2
368,ITT1A-G2,tp,4,2026-05-13 09:00:00,2026-05-13 11:00:00,2
369,ITT1A-G2,tp,15,2026-05-13 11:00:00,2026-05-13 13:00:00,2
370,ITT1A-G3,tp,12,2026-05-13 17:00:00,2026-05-13 19:00:00,2
371,ITT1A-G3,tp,13,2026-05-13 13:00:00,2026-05-13 15:00:00,2
372,ITT1A-G4,tp,5,2026-05-13 11:00:00,2026-05-13 13:00:00,2
373,ITT1A-G4,tp,12,2026-05-13 17:00:00,2026-05-13 19:00:00,2
374,ITT1B-G1,tp,17,2026-05-13 13:00:00,2026-05-13 15:00:00,2
375,ITT1B-G1,tp,2,2026-05-13 17:00:00,2026-05-13 19:00:00,2
376,ITT1B-G2,tp,3,2026-05-13 09:00:00,2026-05-13 11:00:00,2
377,ITT1B-G4,tp,10,2026-05-13 07:00:00,2026-05-13 09:00:00,2
378,ITT2A-G1,tp,14,2026-05-13 17:00:00,2026-05-13 19:00:00,2
379,ITT2A-G3,tp,15,2026-05-13 09:00:00,2026-05-13 11:00:00,2
380,ITT2A-G4,tp,17,2026-05-13 09:00:00,2026-05-13 11:00:00,2
381,ITT2B-G1,tp,12,2026-05-13 09:00:00,2026-05-13 11:00:00,2
382,ITT2B-G1,tp,4,2026-05-13 11:00:00,2026-05-13 13:00:00,2
383,ITT2B-G2,tp,2,2026-05-13 15:00:00,2026-05-13 17:00:00,2
384,ITT2B-G2,tp,4,2026-05-13 17:00:00,2026-05-13 19:00:00,2
385,ITT2B-G3,tp,2,2026-05-13 13:00:00,2026-05-13 15:00:00,2
386,ITT2B-G3,tp,7,2026-05-13 07:00:00,2026-05-13 09:00:00,2
387,ITT2B-G4,tp,6,2026-05-13 13:00:00,2026-05-13 15:00:00,2
388,ITT1A,cours,1,2026-05-15 17:00:00,2026-05-15 19:00:00,4
389,ITT1A,cours,1,2026-05-15 11:00:00,2026-05-15 13:00:00,4
390,ITT1B,cours,13,2026-05-15 11:00:00,2026-05-15 13:00:00,4
391,ITT1B,cours,3,2026-05-15 07:00:00,2026-05-15 09:00:00,4
392,ITT1B,cours,1,2026-05-15 13:00:00,2026-05-15 15:00:00,4
393,ITT2A,cours,1,2026-05-15 11:00:00,2026-05-15 13:00:00,4
394,ITT2B,cours,4,2026-05-15 17:00:00,2026-05-15 19:00:00,4
395,ITT3RC,cours,1,2026-05-15 17:00:00,2026-05-15 19:00:00,4
396,ITT3RC,cours,1,2026-05-15 07:00:00,2026-05-15 09:00:00,4
397,ITT3IR,cours,1,2026-05-15 11:00:00,2026-05-15 13:00:00,4
398,ITT3IR,cours,6,2026-05-15 09:00:00,2026-05-15 11:00:00,4
399,ITT3IR,cours,15,2026-05-15 15:00:00,2026-05-15 17:00:00,4
400,IPT1,cours,15,2026-05-15 13:00:00,2026-05-15 15:00:00,4
401,IPT1,cours,12,2026-05-15 07:00:00,2026-05-15 09:00:00,4
402,IPT2,cours,5,2026-05-15 09:00:00,2026-05-15 11:00:00,4
403,IPT2,cours,1,2026-05-15 17:00:00,2026-05-15 19:00:00,4
404,IPT2,cours,1,2026-05-15 13:00:00,2026-05-15 15:00:00,4
405,ITT1A-G1,tp,12,2026-05-15 13:00:00,2026-05-15 15:00:00,4
406,ITT1A-G1,tp,11,2026-05-15 15:00:00,2026-05-15 17:00:00,4
407,ITT1A-G2,tp,11,2026-05-15 13:00:00,2026-05-15 15:00:00,4
408,ITT1A-G4,tp,16,2026-05-15 17:00:00,2026-05-15 19:00:00,4
409,ITT1A-G4,tp,13,2026-05-15 09:00:00,2026-05-15 11:00:00,4
410,ITT1B-G1,tp,17,2026-05-15 07:00:00,2026-05-15 09:00:00,4
411,ITT1B-G3,tp,12,2026-05-15 07:00:00,2026-05-15 09:00:00,4
412,ITT1B-G3,tp,15,2026-05-15 13:00:00,2026-05-15 15:00:00,4
413,ITT1B-G4,tp,8,2026-05-15 07:00:00,2026-05-15 09:00:00,4
414,ITT1B-G4,tp,13,2026-05-15 09:00:00,2026-05-15 11:00:00,4
415,ITT2A-G1,tp,8,2026-05-15 09:00:00,2026-05-15 11:00:00,4
416,ITT2A-G2,tp,15,2026-05-15 07:00:00,2026-05-15 09:00:00,4
417,ITT2A-G4,tp,6,2026-05-15 17:00:00,2026-05-15 19:00:00,4
418,ITT2A-G4,tp,9,2026-05-15 15:00:00,2026-05-15 17:00:00,4
419,ITT2B-G1,tp,9,2026-05-15 13:00:00,2026-05-15 15:00:00,4
420,ITT2B-G2,tp,15,2026-05-15 17:00:00,2026-05-15 19:00:00,4
421,ITT2B-G2,tp,4,2026-05-15 15:00:00,2026-05-15 17:00:00,4
422,ITT2B-G3,tp,3,2026-05-15 15:00:00,2026-05-15 17:00:00,4
423,ITT2B-G3,tp,6,2026-05-15 11:00:00,2026-05-15 13:00:00,4
424,ITT2B-G4,tp,17,2026-05-15 07:00:00,2026-05-15 09:00:00,4
425,ITT2B-G4,tp,15,2026-05-15 15:00:00,2026-05-15 17:00:00,4
426,ITT1A,cours,13,2026-05-16 11:00:00,2026-05-16 13:00:00,5
427,ITT1A,cours,14,2026-05-16 13:00:00,2026-05-16 15:00:00,5
428,ITT1A,cours,16,2026-05-16 07:00:00,2026-05-16 09:00:00,5
429,ITT1B,cours,17,2026-05-16 07:00:00,2026-05-16 09:00:00,5
430,ITT2A,cours,1,2026-05-16 11:00:00,2026-05-16 13:00:00,5
431,ITT2A,cours,1,2026-05-16 17:00:00,2026-05-16 19:00:00,5
432,ITT2B,cours,14,2026-05-16 07:00:00,2026-05-16 09:00:00,5
433,ITT3RC,cours,1,2026-05-16 13:00:00,2026-05-16 15:00:00,5
434,ITT3IR,cours,1,2026-05-16 15:00:00,2026-05-16 17:00:00,5
435,IPT1,cours,1,2026-05-16 09:00:00,2026-05-16 11:00:00,5
436,IPT1,cours,1,2026-05-16 11:00:00,2026-05-16 13:00:00,5
437,IPT2,cours,1,2026-05-16 07:00:00,2026-05-16 09:00:00,5
438,IPT2,cours,1,2026-05-16 17:00:00,2026-05-16 19:00:00,5
439,ITT1A-G1,tp,7,2026-05-16 09:00:00,2026-05-16 11:00:00,5
440,ITT1A-G2,tp,5,2026-05-16 07:00:00,2026-05-16 09:00:00,5
441,ITT1A-G2,tp,3,2026-05-16 15:00:00,2026-05-16 17:00:00,5
442,ITT1A-G3,tp,7,2026-05-16 09:00:00,2026-05-16 11:00:00,5
443,ITT1A-G3,tp,15,2026-05-16 07:00:00,2026-05-16 09:00:00,5
444,ITT1A-G4,tp,3,2026-05-16 17:00:00,2026-05-16 19:00:00,5
445,ITT1B-G2,tp,17,2026-05-16 17:00:00,2026-05-16 19:00:00,5
446,ITT1B-G3,tp,4,2026-05-16 13:00:00,2026-05-16 15:00:00,5
447,ITT1B-G3,tp,11,2026-05-16 09:00:00,2026-05-16 11:00:00,5
448,ITT1B-G4,tp,15,2026-05-16 11:00:00,2026-05-16 13:00:00,5
449,ITT1B-G4,tp,11,2026-05-16 07:00:00,2026-05-16 09:00:00,5
450,ITT2A-G1,tp,13,2026-05-16 17:00:00,2026-05-16 19:00:00,5
451,ITT2A-G1,tp,3,2026-05-16 09:00:00,2026-05-16 11:00:00,5
452,ITT2A-G4,tp,7,2026-05-16 17:00:00,2026-05-16 19:00:00,5
453,ITT2A-G4,tp,12,2026-05-16 11:00:00,2026-05-16 13:00:00,5
454,ITT2B-G3,tp,7,2026-05-16 11:00:00,2026-05-16 13:00:00,5
455,ITT2B-G3,tp,14,2026-05-16 17:00:00,2026-05-16 19:00:00,5
456,ITT1A,cours,13,2026-05-17 09:00:00,2026-05-17 11:00:00,6
457,ITT1A,cours,3,2026-05-17 15:00:00,2026-05-17 17:00:00,6
458,ITT1A,cours,1,2026-05-17 11:00:00,2026-05-17 13:00:00,6
459,ITT1B,cours,15,2026-05-17 15:00:00,2026-05-17 17:00:00,6
460,ITT1B,cours,1,2026-05-17 17:00:00,2026-05-17 19:00:00,6
461,ITT2A,cours,1,2026-05-17 13:00:00,2026-05-17 15:00:00,6
462,ITT2A,cours,1,2026-05-17 15:00:00,2026-05-17 17:00:00,6
463,ITT2A,cours,14,2026-05-17 09:00:00,2026-05-17 11:00:00,6
464,ITT2B,cours,16,2026-05-17 07:00:00,2026-05-17 09:00:00,6
465,ITT2B,cours,1,2026-05-17 13:00:00,2026-05-17 15:00:00,6
466,ITT3RC,cours,17,2026-05-17 11:00:00,2026-05-17 13:00:00,6
467,ITT3RC,cours,1,2026-05-17 07:00:00,2026-05-17 09:00:00,6
468,ITT3IR,cours,1,2026-05-17 13:00:00,2026-05-17 15:00:00,6
469,ITT3IR,cours,4,2026-05-17 07:00:00,2026-05-17 09:00:00,6
470,ITT3IR,cours,1,2026-05-17 09:00:00,2026-05-17 11:00:00,6
471,IPT1,cours,13,2026-05-17 15:00:00,2026-05-17 17:00:00,6
472,IPT1,cours,14,2026-05-17 07:00:00,2026-05-17 09:00:00,6
473,IPT1,cours,1,2026-05-17 13:00:00,2026-05-17 15:00:00,6
474,IPT2,cours,15,2026-05-17 13:00:00,2026-05-17 15:00:00,6
475,IPT2,cours,12,2026-05-17 07:00:00,2026-05-17 09:00:00,6
476,IPT2,cours,4,2026-05-17 17:00:00,2026-05-17 19:00:00,6
477,ITT1A-G1,tp,5,2026-05-17 07:00:00,2026-05-17 09:00:00,6
478,ITT1A-G2,tp,8,2026-05-17 07:00:00,2026-05-17 09:00:00,6
479,ITT1A-G3,tp,5,2026-05-17 15:00:00,2026-05-17 17:00:00,6
480,ITT1A-G3,tp,12,2026-05-17 13:00:00,2026-05-17 15:00:00,6
481,ITT1B-G1,tp,3,2026-05-17 07:00:00,2026-05-17 09:00:00,6
482,ITT1B-G1,tp,11,2026-05-17 17:00:00,2026-05-17 19:00:00,6
483,ITT1B-G2,tp,9,2026-05-17 15:00:00,2026-05-17 17:00:00,6
484,ITT1B-G3,tp,6,2026-05-17 11:00:00,2026-05-17 13:00:00,6
485,ITT1B-G4,tp,17,2026-05-17 07:00:00,2026-05-17 09:00:00,6
486,ITT1B-G4,tp,3,2026-05-17 17:00:00,2026-05-17 19:00:00,6
487,ITT2A-G1,tp,7,2026-05-17 13:00:00,2026-05-17 15:00:00,6
488,ITT2A-G1,tp,13,2026-05-17 11:00:00,2026-05-17 13:00:00,6
489,ITT2A-G2,tp,3,2026-05-17 13:00:00,2026-05-17 15:00:00,6
490,ITT2A-G3,tp,5,2026-05-17 09:00:00,2026-05-17 11:00:00,6
491,ITT2B-G1,tp,9,2026-05-17 09:00:00,2026-05-17 11:00:00,6
492,ITT2B-G1,tp,15,2026-05-17 15:00:00,2026-05-17 17:00:00,6
493,ITT2B-G2,tp,16,2026-05-17 07:00:00,2026-05-17 09:00:00,6
494,ITT2B-G2,tp,17,2026-05-17 13:00:00,2026-05-17 15:00:00,6
495,ITT2B-G3,tp,5,2026-05-17 11:00:00,2026-05-17 13:00:00,6
496,ITT2B-G4,tp,7,2026-05-17 17:00:00,2026-05-17 19:00:00,6
497,ITT2B-G4,tp,2,2026-05-17 15:00:00,2026-05-17 17:00:00,6
498,ITT1A,cours,13,2026-05-18 13:00:00,2026-05-18 15:00:00,0
499,ITT1A,cours,1,2026-05-18 09:00:00,2026-05-18 11:00:00,0
500,ITT1A,cours,5,2026-05-18 11:00:00,2026-05-18 13:00:00,0
501,ITT1B,cours,16,2026-05-18 17:00:00,2026-05-18 19:00:00,0
502,ITT1B,cours,3,2026-05-18 13:00:00,2026-05-18 15:00:00,0
503,ITT1B,cours,1,2026-05-18 07:00:00,2026-05-18 09:00:00,0
504,ITT2A,cours,1,2026-05-18 07:00:00,2026-05-18 09:00:00,0
505,ITT2B,cours,1,2026-05-18 09:00:00,2026-05-18 11:00:00,0
506,ITT2B,cours,12,2026-05-18 07:00:00,2026-05-18 09:00:00,0
507,ITT2B,cours,1,2026-05-18 11:00:00,2026-05-18 13:00:00,0
508,ITT3RC,cours,17,2026-05-18 13:00:00,2026-05-18 15:00:00,0
509,ITT3RC,cours,1,2026-05-18 11:00:00,2026-05-18 13:00:00,0
510,ITT3IR,cours,15,2026-05-18 11:00:00,2026-05-18 13:00:00,0
511,IPT1,cours,1,2026-05-18 07:00:00,2026-05-18 09:00:00,0
512,IPT1,cours,1,2026-05-18 15:00:00,2026-05-18 17:00:00,0
513,IPT2,cours,3,2026-05-18 15:00:00,2026-05-18 17:00:00,0
514,IPT2,cours,17,2026-05-18 17:00:00,2026-05-18 19:00:00,0
515,IPT2,cours,1,2026-05-18 11:00:00,2026-05-18 13:00:00,0
516,ITT1A-G1,tp,2,2026-05-18 09:00:00,2026-05-18 11:00:00,0
517,ITT1A-G1,tp,7,2026-05-18 17:00:00,2026-05-18 19:00:00,0
518,ITT1A-G2,tp,15,2026-05-18 13:00:00,2026-05-18 15:00:00,0
519,ITT1A-G3,tp,6,2026-05-18 11:00:00,2026-05-18 13:00:00,0
520,ITT1A-G3,tp,7,2026-05-18 09:00:00,2026-05-18 11:00:00,0
521,ITT1A-G4,tp,14,2026-05-18 15:00:00,2026-05-18 17:00:00,0
522,ITT1A-G4,tp,7,2026-05-18 07:00:00,2026-05-18 09:00:00,0
523,ITT1B-G1,tp,9,2026-05-18 17:00:00,2026-05-18 19:00:00,0
524,ITT1B-G3,tp,12,2026-05-18 13:00:00,2026-05-18 15:00:00,0
525,ITT1B-G4,tp,14,2026-05-18 09:00:00,2026-05-18 11:00:00,0
526,ITT1B-G4,tp,5,2026-05-18 13:00:00,2026-05-18 15:00:00,0
527,ITT2A-G1,tp,3,2026-05-18 17:00:00,2026-05-18 19:00:00,0
528,ITT2A-G1,tp,16,2026-05-18 11:00:00,2026-05-18 13:00:00,0
529,ITT2A-G2,tp,3,2026-05-18 17:00:00,2026-05-18 19:00:00,0
530,ITT2A-G2,tp,13,2026-05-18 09:00:00,2026-05-18 11:00:00,0
531,ITT2A-G4,tp,8,2026-05-18 15:00:00,2026-05-18 17:00:00,0
532,ITT2A-G4,tp,16,2026-05-18 09:00:00,2026-05-18 11:00:00,0
533,ITT2B-G1,tp,6,2026-05-18 07:00:00,2026-05-18 09:00:00,0
534,ITT2B-G3,tp,9,2026-05-18 13:00:00,2026-05-18 15:00:00,0
535,ITT2B-G4,tp,12,2026-05-18 07:00:00,2026-05-18 09:00:00,0
536,ITT1A,cours,13,2026-05-19 07:00:00,2026-05-19 09:00:00,1
537,ITT1A,cours,4,2026-05-19 09:00:00,2026-05-19 11:00:00,1
538,ITT1B,cours,1,2026-05-19 11:00:00,2026-05-19 13:00:00,1
539,ITT1B,cours,1,2026-05-19 15:00:00,2026-05-19 17:00:00,1
540,ITT2A,cours,3,2026-05-19 07:00:00,2026-05-19 09:00:00,1
541,ITT2B,cours,15,2026-05-19 17:00:00,2026-05-19 19:00:00,1
542,ITT2B,cours,1,2026-05-19 09:00:00,2026-05-19 11:00:00,1
543,ITT3RC,cours,3,2026-05-19 13:00:00,2026-05-19 15:00:00,1
544,ITT3RC,cours,1,2026-05-19 11:00:00,2026-05-19 13:00:00,1
545,ITT3IR,cours,1,2026-05-19 15:00:00,2026-05-19 17:00:00,1
546,ITT3IR,cours,1,2026-05-19 13:00:00,2026-05-19 15:00:00,1
547,ITT3IR,cours,1,2026-05-19 17:00:00,2026-05-19 19:00:00,1
548,IPT1,cours,14,2026-05-19 15:00:00,2026-05-19 17:00:00,1
549,IPT2,cours,6,2026-05-19 17:00:00,2026-05-19 19:00:00,1
550,IPT2,cours,1,2026-05-19 07:00:00,2026-05-19 09:00:00,1
551,ITT1A-G1,tp,9,2026-05-19 15:00:00,2026-05-19 17:00:00,1
552,ITT1A-G1,tp,15,2026-05-19 11:00:00,2026-05-19 13:00:00,1
553,ITT1A-G3,tp,3,2026-05-19 07:00:00,2026-05-19 09:00:00,1
554,ITT1A-G4,tp,14,2026-05-19 17:00:00,2026-05-19 19:00:00,1
555,ITT1A-G4,tp,13,2026-05-19 07:00:00,2026-05-19 09:00:00,1
556,ITT1B-G1,tp,13,2026-05-19 15:00:00,2026-05-19 17:00:00,1
557,ITT1B-G2,tp,14,2026-05-19 07:00:00,2026-05-19 09:00:00,1
558,ITT1B-G3,tp,14,2026-05-19 07:00:00,2026-05-19 09:00:00,1
559,ITT1B-G3,tp,4,2026-05-19 09:00:00,2026-05-19 11:00:00,1
560,ITT1B-G4,tp,3,2026-05-19 13:00:00,2026-05-19 15:00:00,1
561,ITT2A-G1,tp,13,2026-05-19 09:00:00,2026-05-19 11:00:00,1
562,ITT2A-G1,tp,5,2026-05-19 07:00:00,2026-05-19 09:00:00,1
563,ITT2A-G4,tp,9,2026-05-19 07:00:00,2026-05-19 09:00:00,1
564,ITT2B-G3,tp,10,2026-05-19 09:00:00,2026-05-19 11:00:00,1
565,ITT2B-G3,tp,17,2026-05-19 07:00:00,2026-05-19 09:00:00,1
566,ITT2B-G4,tp,12,2026-05-19 17:00:00,2026-05-19 19:00:00,1
567,ITT2B-G4,tp,16,2026-05-19 09:00:00,2026-05-19 11:00:00,1
568,ITT1A,cours,1,2026-05-20 11:00:00,2026-05-20 13:00:00,2
569,ITT1A,cours,1,2026-05-20 15:00:00,2026-05-20 17:00:00,2
570,ITT1A,cours,1,2026-05-20 09:00:00,2026-05-20 11:00:00,2
571,ITT1B,cours,14,2026-05-20 15:00:00,2026-05-20 17:00:00,2
572,ITT2A,cours,1,2026-05-20 07:00:00,2026-05-20 09:00:00,2
573,ITT2A,cours,12,2026-05-20 11:00:00,2026-05-20 13:00:00,2
574,ITT2B,cours,15,2026-05-20 13:00:00,2026-05-20 15:00:00,2
575,ITT2B,cours,14,2026-05-20 15:00:00,2026-05-20 17:00:00,2
576,ITT2B,cours,17,2026-05-20 07:00:00,2026-05-20 09:00:00,2
577,ITT3RC,cours,13,2026-05-20 13:00:00,2026-05-20 15:00:00,2
578,ITT3RC,cours,5,2026-05-20 11:00:00,2026-05-20 13:00:00,2
579,ITT3IR,cours,1,2026-05-20 09:00:00,2026-05-20 11:00:00,2
580,IPT1,cours,1,2026-05-20 07:00:00,2026-05-20 09:00:00,2
581,IPT2,cours,16,2026-05-20 17:00:00,2026-05-20 19:00:00,2
582,IPT2,cours,1,2026-05-20 11:00:00,2026-05-20 13:00:00,2
583,IPT2,cours,1,2026-05-20 13:00:00,2026-05-20 15:00:00,2
584,ITT1A-G1,tp,11,2026-05-20 11:00:00,2026-05-20 13:00:00,2
585,ITT1A-G2,tp,4,2026-05-20 17:00:00,2026-05-20 19:00:00,2
586,ITT1A-G4,tp,5,2026-05-20 13:00:00,2026-05-20 15:00:00,2
587,ITT1A-G4,tp,10,2026-05-20 07:00:00,2026-05-20 09:00:00,2
588,ITT1B-G2,tp,16,2026-05-20 07:00:00,2026-05-20 09:00:00,2
589,ITT1B-G2,tp,5,2026-05-20 09:00:00,2026-05-20 11:00:00,2
590,ITT1B-G3,tp,3,2026-05-20 11:00:00,2026-05-20 13:00:00,2
591,ITT2A-G1,tp,12,2026-05-20 11:00:00,2026-05-20 13:00:00,2
592,ITT2A-G2,tp,17,2026-05-20 11:00:00,2026-05-20 13:00:00,2
593,ITT2A-G3,tp,5,2026-05-20 07:00:00,2026-05-20 09:00:00,2
594,ITT2A-G3,tp,12,2026-05-20 09:00:00,2026-05-20 11:00:00,2
595,ITT2A-G4,tp,16,2026-05-20 11:00:00,2026-05-20 13:00:00,2
596,ITT2B-G2,tp,11,2026-05-20 07:00:00,2026-05-20 09:00:00,2
597,ITT2B-G2,tp,4,2026-05-20 11:00:00,2026-05-20 13:00:00,2
598,ITT2B-G4,tp,14,2026-05-20 09:00:00,2026-05-20 11:00:00,2
599,ITT2B-G4,tp,2,2026-05-20 11:00:00,2026-05-20 13:00:00,2
600,ITT1A,cours,16,2026-05-22 07:00:00,2026-05-22 09:00:00,4
601,ITT1A,cours,3,2026-05-22 09:00:00,2026-05-22 11:00:00,4
602,ITT1B,cours,1,2026-05-22 15:00:00,2026-05-22 17:00:00,4
603,ITT1B,cours,12,2026-05-22 09:00:00,2026-05-22 11:00:00,4
604,ITT1B,cours,4,2026-05-22 17:00:00,2026-05-22 19:00:00,4
605,ITT2A,cours,1,2026-05-22 11:00:00,2026-05-22 13:00:00,4
606,ITT2B,cours,1,2026-05-22 17:00:00,2026-05-22 19:00:00,4
607,ITT2B,cours,1,2026-05-22 09:00:00,2026-05-22 11:00:00,4
608,ITT3RC,cours,1,2026-05-22 07:00:00,2026-05-22 09:00:00,4
609,ITT3RC,cours,15,2026-05-22 11:00:00,2026-05-22 13:00:00,4
610,ITT3RC,cours,1,2026-05-22 09:00:00,2026-05-22 11:00:00,4
611,ITT3IR,cours,3,2026-05-22 09:00:00,2026-05-22 11:00:00,4
612,ITT3IR,cours,1,2026-05-22 11:00:00,2026-05-22 13:00:00,4
613,ITT3IR,cours,4,2026-05-22 17:00:00,2026-05-22 19:00:00,4
614,IPT1,cours,3,2026-05-22 15:00:00,2026-05-22 17:00:00,4
615,IPT1,cours,1,2026-05-22 09:00:00,2026-05-22 11:00:00,4
616,IPT2,cours,1,2026-05-22 15:00:00,2026-05-22 17:00:00,4
617,IPT2,cours,1,2026-05-22 09:00:00,2026-05-22 11:00:00,4
618,IPT2,cours,6,2026-05-22 13:00:00,2026-05-22 15:00:00,4
619,ITT1A-G3,tp,11,2026-05-22 15:00:00,2026-05-22 17:00:00,4
620,ITT1A-G3,tp,4,2026-05-22 13:00:00,2026-05-22 15:00:00,4
621,ITT1A-G4,tp,7,2026-05-22 15:00:00,2026-05-22 17:00:00,4
622,ITT1A-G4,tp,16,2026-05-22 07:00:00,2026-05-22 09:00:00,4
623,ITT1B-G1,tp,12,2026-05-22 07:00:00,2026-05-22 09:00:00,4
624,ITT1B-G1,tp,6,2026-05-22 13:00:00,2026-05-22 15:00:00,4
625,ITT1B-G2,tp,5,2026-05-22 17:00:00,2026-05-22 19:00:00,4
626,ITT1B-G3,tp,16,2026-05-22 13:00:00,2026-05-22 15:00:00,4
627,ITT1B-G4,tp,2,2026-05-22 07:00:00,2026-05-22 09:00:00,4
628,ITT1B-G4,tp,8,2026-05-22 09:00:00,2026-05-22 11:00:00,4
629,ITT2A-G1,tp,15,2026-05-22 13:00:00,2026-05-22 15:00:00,4
630,ITT2A-G1,tp,2,2026-05-22 11:00:00,2026-05-22 13:00:00,4
631,ITT2A-G2,tp,3,2026-05-22 09:00:00,2026-05-22 11:00:00,4
632,ITT2A-G3,tp,15,2026-05-22 07:00:00,2026-05-22 09:00:00,4
633,ITT2A-G3,tp,13,2026-05-22 13:00:00,2026-05-22 15:00:00,4
634,ITT2A-G4,tp,9,2026-05-22 17:00:00,2026-05-22 19:00:00,4
635,ITT2B-G3,tp,5,2026-05-22 09:00:00,2026-05-22 11:00:00,4
636,ITT2B-G3,tp,10,2026-05-22 11:00:00,2026-05-22 13:00:00,4
637,ITT2B-G4,tp,12,2026-05-22 09:00:00,2026-05-22 11:00:00,4
638,ITT2B-G4,tp,7,2026-05-22 13:00:00,2026-05-22 15:00:00,4
639,ITT1A,cours,1,2026-05-23 15:00:00,2026-05-23 17:00:00,5
640,ITT1B,cours,16,2026-05-23 13:00:00,2026-05-23 15:00:00,5
641,ITT1B,cours,16,2026-05-23 15:00:00,2026-05-23 17:00:00,5
642,ITT2A,cours,1,2026-05-23 07:00:00,2026-05-23 09:00:00,5
643,ITT2A,cours,5,2026-05-23 11:00:00,2026-05-23 13:00:00,5
644,ITT2B,cours,1,2026-05-23 11:00:00,2026-05-23 13:00:00,5
645,ITT3RC,cours,1,2026-05-23 17:00:00,2026-05-23 19:00:00,5
646,ITT3RC,cours,1,2026-05-23 13:00:00,2026-05-23 15:00:00,5
647,ITT3IR,cours,15,2026-05-23 15:00:00,2026-05-23 17:00:00,5
648,ITT3IR,cours,1,2026-05-23 11:00:00,2026-05-23 13:00:00,5
649,IPT1,cours,13,2026-05-23 15:00:00,2026-05-23 17:00:00,5
650,IPT1,cours,1,2026-05-23 13:00:00,2026-05-23 15:00:00,5
651,IPT2,cours,1,2026-05-23 13:00:00,2026-05-23 15:00:00,5
652,ITT1A-G2,tp,8,2026-05-23 17:00:00,2026-05-23 19:00:00,5
653,ITT1A-G3,tp,6,2026-05-23 09:00:00,2026-05-23 11:00:00,5
654,ITT1A-G3,tp,14,2026-05-23 07:00:00,2026-05-23 09:00:00,5
655,ITT1A-G4,tp,13,2026-05-23 13:00:00,2026-05-23 15:00:00,5
656,ITT1B-G2,tp,12,2026-05-23 13:00:00,2026-05-23 15:00:00,5
657,ITT1B-G3,tp,16,2026-05-23 17:00:00,2026-05-23 19:00:00,5
658,ITT1B-G3,tp,9,2026-05-23 13:00:00,2026-05-23 15:00:00,5
659,ITT1B-G4,tp,9,2026-05-23 11:00:00,2026-05-23 13:00:00,5
660,ITT2A-G1,tp,7,2026-05-23 11:00:00,2026-05-23 13:00:00,5
661,ITT2A-G1,tp,4,2026-05-23 07:00:00,2026-05-23 09:00:00,5
662,ITT2A-G2,tp,13,2026-05-23 11:00:00,2026-05-23 13:00:00,5
663,ITT2A-G2,tp,4,2026-05-23 13:00:00,2026-05-23 15:00:00,5
664,ITT2A-G4,tp,5,2026-05-23 11:00:00,2026-05-23 13:00:00,5
665,ITT2B-G1,tp,4,2026-05-23 17:00:00,2026-05-23 19:00:00,5
666,ITT2B-G1,tp,4,2026-05-23 07:00:00,2026-05-23 09:00:00,5
667,ITT2B-G2,tp,5,2026-05-23 15:00:00,2026-05-23 17:00:00,5
668,ITT2B-G3,tp,2,2026-05-23 07:00:00,2026-05-23 09:00:00,5
669,ITT1A,cours,5,2026-05-24 13:00:00,2026-05-24 15:00:00,6
670,ITT1A,cours,1,2026-05-24 07:00:00,2026-05-24 09:00:00,6
671,ITT1B,cours,4,2026-05-24 15:00:00,2026-05-24 17:00:00,6
672,ITT1B,cours,1,2026-05-24 13:00:00,2026-05-24 15:00:00,6
673,ITT1B,cours,3,2026-05-24 11:00:00,2026-05-24 13:00:00,6
674,ITT2A,cours,4,2026-05-24 15:00:00,2026-05-24 17:00:00,6
675,ITT2B,cours,15,2026-05-24 13:00:00,2026-05-24 15:00:00,6
676,ITT2B,cours,1,2026-05-24 09:00:00,2026-05-24 11:00:00,6
677,ITT2B,cours,1,2026-05-24 15:00:00,2026-05-24 17:00:00,6
678,ITT3RC,cours,1,2026-05-24 09:00:00,2026-05-24 11:00:00,6
679,ITT3RC,cours,1,2026-05-24 11:00:00,2026-05-24 13:00:00,6
680,ITT3RC,cours,1,2026-05-24 07:00:00,2026-05-24 09:00:00,6
681,ITT3IR,cours,6,2026-05-24 07:00:00,2026-05-24 09:00:00,6
682,IPT1,cours,1,2026-05-24 13:00:00,2026-05-24 15:00:00,6
683,IPT2,cours,1,2026-05-24 17:00:00,2026-05-24 19:00:00,6
684,IPT2,cours,14,2026-05-24 13:00:00,2026-05-24 15:00:00,6
685,IPT2,cours,12,2026-05-24 09:00:00,2026-05-24 11:00:00,6
686,ITT1A-G1,tp,3,2026-05-24 17:00:00,2026-05-24 19:00:00,6
687,ITT1A-G1,tp,13,2026-05-24 15:00:00,2026-05-24 17:00:00,6
688,ITT1A-G2,tp,13,2026-05-24 11:00:00,2026-05-24 13:00:00,6
689,ITT1A-G3,tp,7,2026-05-24 09:00:00,2026-05-24 11:00:00,6
690,ITT1A-G3,tp,10,2026-05-24 11:00:00,2026-05-24 13:00:00,6
691,ITT1A-G4,tp,7,2026-05-24 15:00:00,2026-05-24 17:00:00,6
692,ITT1B-G2,tp,6,2026-05-24 11:00:00,2026-05-24 13:00:00,6
693,ITT1B-G2,tp,14,2026-05-24 17:00:00,2026-05-24 19:00:00,6
694,ITT1B-G4,tp,17,2026-05-24 13:00:00,2026-05-24 15:00:00,6
695,ITT2A-G1,tp,11,2026-05-24 11:00:00,2026-05-24 13:00:00,6
696,ITT2A-G2,tp,4,2026-05-24 11:00:00,2026-05-24 13:00:00,6
697,ITT2A-G2,tp,2,2026-05-24 15:00:00,2026-05-24 17:00:00,6
698,ITT2A-G4,tp,2,2026-05-24 15:00:00,2026-05-24 17:00:00,6
699,ITT2A-G4,tp,13,2026-05-24 13:00:00,2026-05-24 15:00:00,6
700,ITT2B-G1,tp,12,2026-05-24 15:00:00,2026-05-24 17:00:00,6
701,ITT2B-G1,tp,16,2026-05-24 11:00:00,2026-05-24 13:00:00,6
702,ITT2B-G3,tp,14,2026-05-24 11:00:00,2026-05-24 13:00:00,6
703,ITT1A,cours,15,2026-05-25 13:00:00,2026-05-25 15:00:00,0
704,ITT1A,cours,12,2026-05-25 11:00:00,2026-05-25 13:00:00,0
705,ITT1A,cours,13,2026-05-25 17:00:00,2026-05-25 19:00:00,0
706,ITT1B,cours,16,2026-05-25 07:00:00,2026-05-25 09:00:00,0
707,ITT1B,cours,3,2026-05-25 11:00:00,2026-05-25 13:00:00,0
708,ITT2A,cours,13,2026-05-25 13:00:00,2026-05-25 15:00:00,0
709,ITT2A,cours,1,2026-05-25 07:00:00,2026-05-25 09:00:00,0
710,ITT2A,cours,1,2026-05-25 17:00:00,2026-05-25 19:00:00,0
711,ITT2B,cours,15,2026-05-25 13:00:00,2026-05-25 15:00:00,0
712,ITT2B,cours,13,2026-05-25 11:00:00,2026-05-25 13:00:00,0
713,ITT2B,cours,6,2026-05-25 09:00:00,2026-05-25 11:00:00,0
714,ITT3RC,cours,13,2026-05-25 07:00:00,2026-05-25 09:00:00,0
715,ITT3IR,cours,13,2026-05-25 07:00:00,2026-05-25 09:00:00,0
716,ITT3IR,cours,1,2026-05-25 09:00:00,2026-05-25 11:00:00,0
717,IPT1,cours,3,2026-05-25 17:00:00,2026-05-25 19:00:00,0
718,IPT1,cours,1,2026-05-25 09:00:00,2026-05-25 11:00:00,0
719,IPT1,cours,4,2026-05-25 15:00:00,2026-05-25 17:00:00,0
720,IPT2,cours,5,2026-05-25 09:00:00,2026-05-25 11:00:00,0
721,ITT1A-G1,tp,16,2026-05-25 15:00:00,2026-05-25 17:00:00,0
722,ITT1A-G3,tp,6,2026-05-25 15:00:00,2026-05-25 17:00:00,0
723,ITT1A-G4,tp,12,2026-05-25 17:00:00,2026-05-25 19:00:00,0
724,ITT1A-G4,tp,12,2026-05-25 09:00:00,2026-05-25 11:00:00,0
725,ITT1B-G1,tp,16,2026-05-25 17:00:00,2026-05-25 19:00:00,0
726,ITT1B-G2,tp,14,2026-05-25 15:00:00,2026-05-25 17:00:00,0
727,ITT1B-G3,tp,17,2026-05-25 11:00:00,2026-05-25 13:00:00,0
728,ITT2A-G4,tp,15,2026-05-25 11:00:00,2026-05-25 13:00:00,0
729,ITT2B-G2,tp,8,2026-05-25 17:00:00,2026-05-25 19:00:00,0
730,ITT2B-G2,tp,12,2026-05-25 07:00:00,2026-05-25 09:00:00,0
731,ITT2B-G3,tp,8,2026-05-25 11:00:00,2026-05-25 13:00:00,0
732,ITT2B-G3,tp,15,2026-05-25 09:00:00,2026-05-25 11:00:00,0
733,ITT2B-G4,tp,15,2026-05-25 11:00:00,2026-05-25 13:00:00,0
734,ITT2B-G4,tp,8,2026-05-25 09:00:00,2026-05-25 11:00:00,0
735,ITT1A,cours,12,2026-05-26 11:00:00,2026-05-26 13:00:00,1
736,ITT1B,cours,1,2026-05-26 13:00:00,2026-05-26 15:00:00,1
737,ITT1B,cours,4,2026-05-26 17:00:00,2026-05-26 19:00:00,1
738,ITT1B,cours,12,2026-05-26 09:00:00,2026-05-26 11:00:00,1
739,ITT2A,cours,1,2026-05-26 09:00:00,2026-05-26 11:00:00,1
740,ITT2B,cours,1,2026-05-26 09:00:00,2026-05-26 11:00:00,1
741,ITT2B,cours,12,2026-05-26 17:00:00,2026-05-26 19:00:00,1
742,ITT3RC,cours,14,2026-05-26 13:00:00,2026-05-26 15:00:00,1
743,ITT3RC,cours,1,2026-05-26 17:00:00,2026-05-26 19:00:00,1
744,ITT3IR,cours,1,2026-05-26 15:00:00,2026-05-26 17:00:00,1
745,IPT1,cours,1,2026-05-26 07:00:00,2026-05-26 09:00:00,1
746,IPT1,cours,17,2026-05-26 13:00:00,2026-05-26 15:00:00,1
747,IPT2,cours,1,2026-05-26 17:00:00,2026-05-26 19:00:00,1
748,ITT1A-G1,tp,7,2026-05-26 13:00:00,2026-05-26 15:00:00,1
749,ITT1A-G4,tp,17,2026-05-26 11:00:00,2026-05-26 13:00:00,1
750,ITT1A-G4,tp,12,2026-05-26 15:00:00,2026-05-26 17:00:00,1
751,ITT1B-G2,tp,12,2026-05-26 13:00:00,2026-05-26 15:00:00,1
752,ITT1B-G3,tp,13,2026-05-26 17:00:00,2026-05-26 19:00:00,1
753,ITT1B-G3,tp,9,2026-05-26 15:00:00,2026-05-26 17:00:00,1
754,ITT2A-G1,tp,14,2026-05-26 09:00:00,2026-05-26 11:00:00,1
755,ITT2A-G1,tp,14,2026-05-26 15:00:00,2026-05-26 17:00:00,1
756,ITT2A-G2,tp,9,2026-05-26 17:00:00,2026-05-26 19:00:00,1
757,ITT2A-G2,tp,10,2026-05-26 15:00:00,2026-05-26 17:00:00,1
758,ITT2A-G3,tp,5,2026-05-26 13:00:00,2026-05-26 15:00:00,1
759,ITT2A-G3,tp,11,2026-05-26 07:00:00,2026-05-26 09:00:00,1
760,ITT2B-G1,tp,12,2026-05-26 13:00:00,2026-05-26 15:00:00,1
761,ITT2B-G1,tp,11,2026-05-26 09:00:00,2026-05-26 11:00:00,1
762,ITT2B-G2,tp,12,2026-05-26 15:00:00,2026-05-26 17:00:00,1
763,ITT2B-G2,tp,17,2026-05-26 13:00:00,2026-05-26 15:00:00,1
764,ITT2B-G4,tp,9,2026-05-26 11:00:00,2026-05-26 13:00:00,1
765,ITT2B-G4,tp,9,2026-05-26 07:00:00,2026-05-26 09:00:00,1
766,ITT1A,cours,1,2026-05-27 13:00:00,2026-05-27 15:00:00,2
767,ITT1B,cours,1,2026-05-27 15:00:00,2026-05-27 17:00:00,2
768,ITT2A,cours,15,2026-05-27 11:00:00,2026-05-27 13:00:00,2
769,ITT2A,cours,14,2026-05-27 13:00:00,2026-05-27 15:00:00,2
770,ITT2A,cours,1,2026-05-27 17:00:00,2026-05-27 19:00:00,2
771,ITT2B,cours,12,2026-05-27 13:00:00,2026-05-27 15:00:00,2
772,ITT2B,cours,1,2026-05-27 11:00:00,2026-05-27 13:00:00,2
773,ITT2B,cours,15,2026-05-27 17:00:00,2026-05-27 19:00:00,2
774,ITT3RC,cours,1,2026-05-27 17:00:00,2026-05-27 19:00:00,2
775,ITT3RC,cours,15,2026-05-27 15:00:00,2026-05-27 17:00:00,2
776,ITT3RC,cours,1,2026-05-27 11:00:00,2026-05-27 13:00:00,2
777,ITT3IR,cours,16,2026-05-27 17:00:00,2026-05-27 19:00:00,2
778,ITT3IR,cours,1,2026-05-27 07:00:00,2026-05-27 09:00:00,2
779,ITT3IR,cours,5,2026-05-27 11:00:00,2026-05-27 13:00:00,2
780,IPT1,cours,1,2026-05-27 13:00:00,2026-05-27 15:00:00,2
781,IPT1,cours,1,2026-05-27 11:00:00,2026-05-27 13:00:00,2
782,IPT1,cours,1,2026-05-27 07:00:00,2026-05-27 09:00:00,2
783,IPT2,cours,16,2026-05-27 11:00:00,2026-05-27 13:00:00,2
784,IPT2,cours,1,2026-05-27 17:00:00,2026-05-27 19:00:00,2
785,IPT2,cours,1,2026-05-27 15:00:00,2026-05-27 17:00:00,2
786,ITT1A-G1,tp,13,2026-05-27 09:00:00,2026-05-27 11:00:00,2
787,ITT1A-G1,tp,5,2026-05-27 13:00:00,2026-05-27 15:00:00,2
788,ITT1A-G2,tp,6,2026-05-27 11:00:00,2026-05-27 13:00:00,2
789,ITT1A-G3,tp,16,2026-05-27 15:00:00,2026-05-27 17:00:00,2
790,ITT1A-G4,tp,2,2026-05-27 15:00:00,2026-05-27 17:00:00,2
791,ITT1A-G4,tp,17,2026-05-27 13:00:00,2026-05-27 15:00:00,2
792,ITT1B-G3,tp,14,2026-05-27 09:00:00,2026-05-27 11:00:00,2
793,ITT1B-G3,tp,3,2026-05-27 13:00:00,2026-05-27 15:00:00,2
794,ITT2A-G1,tp,16,2026-05-27 11:00:00,2026-05-27 13:00:00,2
795,ITT2A-G2,tp,8,2026-05-27 15:00:00,2026-05-27 17:00:00,2
796,ITT2A-G2,tp,6,2026-05-27 09:00:00,2026-05-27 11:00:00,2
797,ITT2A-G3,tp,5,2026-05-27 07:00:00,2026-05-27 09:00:00,2
798,ITT2A-G3,tp,6,2026-05-27 09:00:00,2026-05-27 11:00:00,2
799,ITT2A-G4,tp,8,2026-05-27 13:00:00,2026-05-27 15:00:00,2
800,ITT2B-G1,tp,14,2026-05-27 15:00:00,2026-05-27 17:00:00,2
801,ITT2B-G1,tp,5,2026-05-27 07:00:00,2026-05-27 09:00:00,2
802,ITT2B-G2,tp,2,2026-05-27 15:00:00,2026-05-27 17:00:00,2
803,ITT2B-G3,tp,17,2026-05-27 11:00:00,2026-05-27 13:00:00,2
804,ITT2B-G3,tp,7,2026-05-27 15:00:00,2026-05-27 17:00:00,2
805,ITT2B-G4,tp,8,2026-05-27 07:00:00,2026-05-27 09:00:00,2
806,ITT2B-G4,tp,2,2026-05-27 09:00:00,2026-05-27 11:00:00,2
