id,etudiant_id,salle_id,heure_debut,heure_fin
1,1,3,2026-05-13 16:00:00,2026-05-13 17:00:00
2,1,9,2026-05-19 13:00:00,2026-05-19 16:00:00
3,1,8,2026-05-09 15:00:00,2026-05-09 17:00:00
4,1,7,2026-05-18 09:00:00,2026-05-18 12:00:00
5,2,3,2026-05-15 08:00:00,2026-05-15 11:00:00
6,2,2,2026-05-06 11:00:00,2026-05-06 13:00:00
7,2,7,2026-05-02 11:00:00,2026-05-02 13:00:00
8,2,17,2026-05-19 21:00:00,2026-05-20 00:00:00
9,3,13,2026-05-26 18:00:00,2026-05-26 20:00:00
10,3,12,2026-05-13 09:00:00,2026-05-13 11:00:00
11,3,12,2026-05-02 15:00:00,2026-05-02 17:00:00
12,3,2,2026-05-23 18:00:00,2026-05-23 19:00:00
13,3,8,2026-05-20 09:00:00,2026-05-20 10:00:00
14,3,16,2026-05-08 11:00:00,2026-05-08 14:00:00
15,4,5,2026-05-15 19:00:00,2026-05-15 20:00:00
16,4,9,2026-05-05 13:00:00,2026-05-05 15:00:00
17,4,12,2026-05-04 17:00:00,2026-05-04 18:00:00
18,4,1,2026-05-01 15:00:00,2026-05-01 17:00:00
19,5,6,2026-05-16 12:00:00,2026-05-16 15:00:00
20,5,11,2026-05-25 17:00:00,2026-05-25 20:00:00
21,5,3,2026-05-25 19:00:00,2026-05-25 20:00:00
22,5,3,2026-05-25 20:00:00,2026-05-25 21:00:00
23,5,9,2026-05-23 17:00:00,2026-05-23 18:00:00
24,5,3,2026-05-19 11:00:00,2026-05-19 13:00:00
25,5,15,2026-05-01 11:00:00,2026-05-01 13:00:00
26,6,16,2026-05-15 15:00:00,2026-05-15 17:00:00
27,6,2,2026-05-06 18:00:00,2026-05-06 19:00:00
28,6,1,2026-05-11 11:00:00,2026-05-11 14:00:00
29,6,16,2026-05-06 12:00:00,2026-05-06 13:00:00
30,6,3,2026-05-25 07:00:00,2026-05-25 10:00:00
31,7,5,2026-05-11 20:00:00,2026-05-11 21:00:00
32,7,8,2026-05-05 12:00:00,2026-05-05 13:00:00
33,7,13,2026-05-04 07:00:00,2026-05-04 10:00:00
34,7,5,2026-05-18 09:00:00,2026-05-18 11:00:00
35,7,3,2026-05-27 19:00:00,2026-05-27 20:00:00
36,8,11,2026-05-09 13:00:00,2026-05-09 15:00:00
37,8,6,2026-05-05 18:00:00,2026-05-05 21:00:00
38,8,14,2026-05-04 10:00:00,2026-05-04 12:00:00
39,8,12,2026-05-16 12:00:00,2026-05-16 13:00:00
40,9,3,2026-05-27 07:00:00,2026-05-27 10:00:00
41,9,4,2026-05-15 12:00:00,2026-05-15 13:00:00
42,9,15,2026-05-20 08:00:00,2026-05-20 09:00:00
43,10,13,2026-05-23 19:00:00,2026-05-23 21:00:00
44,10,15,2026-05-11 09:00:00,2026-05-11 10:00:00
45,10,1,2026-05-04 16:00:00,2026-05-04 18:00:00
46,10,13,2026-05-08 14:00:00,2026-05-08 17:00:00
47,11,14,2026-05-18 19:00:00,2026-05-18 21:00:00
48,11,2,2026-05-04 12:00:00,2026-05-04 14:00:00
49,11,12,2026-05-20 13:00:00,2026-05-20 14:00:00
50,12,13,2026-05-11 21:00:00,2026-05-11 21:00:00
51,12,8,2026-05-26 18:00:00,2026-05-26 19:00:00
52,12,10,2026-05-26 21:00:00,2026-05-26 21:00:00
53,12,1,2026-05-27 19:00:00,2026-05-27 21:00:00
54,12,13,2026-05-11 11:00:00,2026-05-11 12:00:00
55,12,10,2026-05-23 11:00:00,2026-05-23 13:00:00
56,12,10,2026-05-12 07:00:00,2026-05-12 10:00:00
57,13,3,2026-05-06 18:00:00,2026-05-06 19:00:00
58,13,16,2026-05-08 15:00:00,2026-05-08 18:00:00
59,13,1,2026-05-15 09:00:00,2026-05-15 11:00:00
60,14,5,2026-05-05 13:00:00,2026-05-05 14:00:00
61,14,14,2026-05-16 15:00:00,2026-05-16 17:00:00
62,14,2,2026-05-20 20:00:00,2026-05-20 21:00:00
63,14,4,2026-05-01 13:00:00,2026-05-01 14:00:00
64,15,13,2026-05-08 12:00:00,2026-05-08 14:00:00
65,15,15,2026-05-09 15:00:00,2026-05-09 16:00:00
66,15,12,2026-05-05 07:00:00,2026-05-05 10:00:00
67,15,16,2026-05-13 09:00:00,2026-05-13 12:00:00
68,15,13,2026-05-16 19:00:00,2026-05-16 21:00:00
69,16,4,2026-05-27 20:00:00,2026-05-27 21:00:00
70,16,8,2026-05-15 21:00:00,2026-05-15 21:00:00
71,16,8,2026-05-12 18:00:00,2026-05-12 21:00:00
72,16,3,2026-05-18 07:00:00,2026-05-18 10:00:00
73,16,16,2026-05-18 15:00:00,2026-05-18 17:00:00
74,16,9,2026-05-23 21:00:00,2026-05-23 21:00:00
75,17,14,2026-05-12 16:00:00,2026-05-12 17:00:00
76,17,16,2026-05-23 11:00:00,2026-05-23 12:00:00
77,17,3,2026-05-11 09:00:00,2026-05-11 12:00:00
78,18,17,2026-05-08 07:00:00,2026-05-08 10:00:00
79,18,3,2026-05-12 16:00:00,2026-05-12 17:00:00
80,18,12,2026-05-20 09:00:00,2026-05-20 10:00:00
81,18,15,2026-05-08 09:00:00,2026-05-08 12:00:00
82,18,7,2026-05-13 12:00:00,2026-05-13 13:00:00
83,18,6,2026-05-23 20:00:00,2026-05-23 21:00:00
84,18,17,2026-05-26 12:00:00,2026-05-26 14:00:00
85,19,15,2026-05-13 10:00:00,2026-05-13 12:00:00
86,19,12,2026-05-23 20:00:00,2026-05-23 21:00:00
87,19,17,2026-05-22 15:00:00,2026-05-22 16:00:00
88,20,14,2026-05-06 13:00:00,2026-05-06 15:00:00
89,20,16,2026-05-18 08:00:00,2026-05-18 10:00:00
90,20,8,2026-05-04 15:00:00,2026-05-04 18:00:00
91,21,17,2026-05-22 10:00:00,2026-05-22 13:00:00
92,21,2,2026-05-11 10:00:00,2026-05-11 13:00:00
93,21,12,2026-05-18 13:00:00,2026-05-18 14:00:00
94,21,5,2026-05-20 19:00:00,2026-05-20 20:00:00
95,21,1,2026-05-11 09:00:00,2026-05-11 12:00:00
96,21,16,2026-05-20 13:00:00,2026-05-20 16:00:00
97,21,12,2026-05-19 09:00:00,2026-05-19 11:00:00
98,22,1,2026-05-18 11:00:00,2026-05-18 12:00:00
99,22,16,2026-05-23 13:00:00,2026-05-23 14:00:00
100,22,15,2026-05-01 12:00:00,2026-05-01 15:00:00
101,23,15,2026-05-01 15:00:00,2026-05-01 17:00:00
102,23,17,2026-05-18 17:00:00,2026-05-18 20:00:00
103,23,1,2026-05-01 20:00:00,2026-05-01 21:00:00
104,23,5,2026-05-25 18:00:00,2026-05-25 21:00:00
105,23,6,2026-05-01 15:00:00,2026-05-01 17:00:00
106,24,13,2026-05-11 16:00:00,2026-05-11 18:00:00
107,24,4,2026-05-12 18:00:00,2026-05-12 19:00:00
108,24,1,2026-05-09 07:00:00,2026-05-09 09:00:00
109,24,1,2026-05-15 15:00:00,2026-05-15 16:00:00
110,24,16,2026-05-15 14:00:00,2026-05-15 15:00:00
111,24,7,2026-05-09 16:00:00,2026-05-09 19:00:00
112,24,2,2026-05-12 10:00:00,2026-05-12 12:00:00
113,25,10,2026-05-12 08:00:00,2026-05-12 11:00:00
114,25,2,2026-05-13 09:00:00,2026-05-13 10:00:00
115,25,6,2026-05-22 16:00:00,2026-05-22 17:00:00
116,25,14,2026-05-11 14:00:00,2026-05-11 16:00:00
117,26,12,2026-05-04 20:00:00,2026-05-04 21:00:00
118,26,11,2026-05-11 11:00:00,2026-05-11 12:00:00
119,26,8,2026-05-12 15:00:00,2026-05-12 18:00:00
120,27,13,2026-05-16 17:00:00,2026-05-16 18:00:00
121,27,15,2026-05-06 16:00:00,2026-05-06 18:00:00
122,27,12,2026-05-12 19:00:00,2026-05-12 21:00:00
123,27,7,2026-05-12 07:00:00,2026-05-12 08:00:00
124,27,4,2026-05-11 21:00:00,2026-05-11 21:00:00
125,27,14,2026-05-12 17:00:00,2026-05-12 18:00:00
126,27,14,2026-05-15 14:00:00,2026-05-15 15:00:00
127,28,5,2026-05-04 21:00:00,2026-05-04 21:00:00
128,28,4,2026-05-09 08:00:00,2026-05-09 09:00:00
129,28,12,2026-05-05 19:00:00,2026-05-05 21:00:00
130,28,4,2026-05-01 21:00:00,2026-05-02 00:00:00
131,28,16,2026-05-20 16:00:00,2026-05-20 18:00:00
132,28,15,2026-05-05 18:00:00,2026-05-05 20:00:00
133,29,6,2026-05-19 10:00:00,2026-05-19 13:00:00
134,29,4,2026-05-19 14:00:00,2026-05-19 16:00:00
135,29,1,2026-05-20 08:00:00,2026-05-20 11:00:00
136,30,3,2026-05-26 15:00:00,2026-05-26 16:00:00
137,30,9,2026-05-26 19:00:00,2026-05-26 20:00:00
138,30,8,2026-05-22 20:00:00,2026-05-22 21:00:00
139,30,13,2026-05-19 18:00:00,2026-05-19 19:00:00
140,31,7,2026-05-23 19:00:00,2026-05-23 20:00:00
141,31,16,2026-05-19 21:00:00,2026-05-19 21:00:00
142,31,4,2026-05-15 21:00:00,2026-05-16 00:00:00
143,31,8,2026-05-01 12:00:00,2026-05-01 15:00:00
144,31,4,2026-05-04 20:00:00,2026-05-04 21:00:00
145,32,6,2026-05-12 21:00:00,2026-05-13 00:00:00
146,32,16,2026-05-11 10:00:00,2026-05-11 12:00:00
147,32,3,2026-05-27 21:00:00,2026-05-27 21:00:00
148,33,17,2026-05-25 19:00:00,2026-05-25 20:00:00
149,33,14,2026-05-20 10:00:00,2026-05-20 13:00:00
150,33,13,2026-05-22 19:00:00,2026-05-22 20:00:00
151,33,7,2026-05-05 15:00:00,2026-05-05 17:00:00
152,33,13,2026-05-13 10:00:00,2026-05-13 11:00:00
153,34,4,2026-05-09 10:00:00,2026-05-09 12:00:00
154,34,6,2026-05-15 16:00:00,2026-05-15 19:00:00
155,34,11,2026-05-26 07:00:00,2026-05-26 09:00:00
156,34,4,2026-05-02 10:00:00,2026-05-02 11:00:00
157,34,11,2026-05-22 07:00:00,2026-05-22 09:00:00
158,34,17,2026-05-09 10:00:00,2026-05-09 13:00:00
159,35,15,2026-05-25 21:00:00,2026-05-25 21:00:00
160,35,14,2026-05-05 19:00:00,2026-05-05 21:00:00
161,35,7,2026-05-12 08:00:00,2026-05-12 09:00:00
162,35,6,2026-05-04 20:00:00,2026-05-04 21:00:00
163,36,7,2026-05-19 12:00:00,2026-05-19 14:00:00
164,36,10,2026-05-18 11:00:00,2026-05-18 13:00:00
165,36,17,2026-05-20 20:00:00,2026-05-20 21:00:00
166,36,7,2026-05-12 09:00:00,2026-05-12 12:00:00
167,36,13,2026-05-27 20:00:00,2026-05-27 21:00:00
168,37,6,2026-05-08 12:00:00,2026-05-08 15:00:00
169,37,17,2026-05-06 08:00:00,2026-05-06 09:00:00
170,37,4,2026-05-19 14:00:00,2026-05-19 16:00:00
171,37,7,2026-05-18 18:00:00,2026-05-18 19:00:00
172,37,4,2026-05-06 11:00:00,2026-05-06 13:00:00
173,38,11,2026-05-25 14:00:00,2026-05-25 15:00:00
174,38,12,2026-05-04 16:00:00,2026-05-04 17:00:00
175,38,5,2026-05-16 21:00:00,2026-05-17 00:00:00
176,38,16,2026-05-18 20:00:00,2026-05-18 21:00:00
177,38,6,2026-05-15 18:00:00,2026-05-15 20:00:00
178,39,14,2026-05-16 11:00:00,2026-05-16 13:00:00
179,39,8,2026-05-15 10:00:00,2026-05-15 11:00:00
180,39,4,2026-05-02 20:00:00,2026-05-02 21:00:00
181,39,3,2026-05-20 13:00:00,2026-05-20 16:00:00
182,39,13,2026-05-05 15:00:00,2026-05-05 17:00:00
183,39,4,2026-05-15 09:00:00,2026-05-15 11:00:00
184,39,2,2026-05-23 18:00:00,2026-05-23 21:00:00
185,40,1,2026-05-23 08:00:00,2026-05-23 09:00:00
186,40,15,2026-05-13 13:00:00,2026-05-13 14:00:00
187,40,5,2026-05-18 19:00:00,2026-05-18 21:00:00
188,41,11,2026-05-26 13:00:00,2026-05-26 15:00:00
189,41,6,2026-05-25 13:00:00,2026-05-25 15:00:00
190,41,10,2026-05-01 18:00:00,2026-05-01 21:00:00
191,41,16,2026-05-05 09:00:00,2026-05-05 12:00:00
192,41,10,2026-05-11 20:00:00,2026-05-11 21:00:00
193,42,5,2026-05-18 10:00:00,2026-05-18 12:00:00
194,42,5,2026-05-22 19:00:00,2026-05-22 21:00:00
195,42,7,2026-05-26 17:00:00,2026-05-26 19:00:00
196,42,15,2026-05-11 07:00:00,2026-05-11 08:00:00
197,42,17,2026-05-19 21:00:00,2026-05-19 21:00:00
198,42,13,2026-05-18 20:00:00,2026-05-18 21:00:00
199,42,16,2026-05-22 09:00:00,2026-05-22 10:00:00
200,43,7,2026-05-05 13:00:00,2026-05-05 14:00:00
201,43,5,2026-05-06 21:00:00,2026-05-06 21:00:00
202,43,15,2026-05-02 16:00:00,2026-05-02 19:00:00
203,43,14,2026-05-20 15:00:00,2026-05-20 17:00:00
204,44,12,2026-05-25 13:00:00,2026-05-25 14:00:00
205,44,15,2026-05-11 08:00:00,2026-05-11 11:00:00
206,44,1,2026-05-13 11:00:00,2026-05-13 13:00:00
207,44,12,2026-05-19 16:00:00,2026-05-19 17:00:00
208,45,13,2026-05-19 14:00:00,2026-05-19 15:00:00
209,45,14,2026-05-12 14:00:00,2026-05-12 17:00:00
210,45,12,2026-05-06 18:00:00,2026-05-06 20:00:00
211,45,17,2026-05-06 12:00:00,2026-05-06 13:00:00
212,45,16,2026-05-16 08:00:00,2026-05-16 11:00:00
213,46,8,2026-05-16 14:00:00,2026-05-16 16:00:00
214,46,13,2026-05-20 16:00:00,2026-05-20 17:00:00
215,46,17,2026-05-05 09:00:00,2026-05-05 11:00:00
216,46,12,2026-05-27 11:00:00,2026-05-27 13:00:00
217,47,5,2026-05-26 21:00:00,2026-05-27 00:00:00
218,47,2,2026-05-06 11:00:00,2026-05-06 14:00:00
219,47,1,2026-05-18 20:00:00,2026-05-18 21:00:00
220,47,15,2026-05-22 09:00:00,2026-05-22 12:00:00
221,47,3,2026-05-26 12:00:00,2026-05-26 14:00:00
222,47,2,2026-05-16 17:00:00,2026-05-16 19:00:00
223,48,14,2026-05-05 09:00:00,2026-05-05 12:00:00
224,48,2,2026-05-06 20:00:00,2026-05-06 21:00:00
225,48,17,2026-05-16 14:00:00,2026-05-16 15:00:00
226,48,3,2026-05-20 12:00:00,2026-05-20 15:00:00
227,48,4,2026-05-23 15:00:00,2026-05-23 16:00:00
228,49,16,2026-05-19 16:00:00,2026-05-19 17:00:00
229,49,15,2026-05-02 20:00:00,2026-05-02 21:00:00
230,49,12,2026-05-01 13:00:00,2026-05-01 15:00:00
231,50,7,2026-05-15 18:00:00,2026-05-15 20:00:00
232,50,11,2026-05-26 21:00:00,2026-05-26 21:00:00
233,50,7,2026-05-16 17:00:00,2026-05-16 18:00:00
234,51,3,2026-05-02 21:00:00,2026-05-03 00:00:00
235,51,13,2026-05-22 19:00:00,2026-05-22 21:00:00
236,51,7,2026-05-26 19:00:00,2026-05-26 21:00:00
237,51,14,2026-05-09 08:00:00,2026-05-09 09:00:00
238,51,16,2026-05-11 07:00:00,2026-05-11 08:00:00
239,51,1,2026-05-05 07:00:00,2026-05-05 10:00:00
240,52,8,2026-05-05 15:00:00,2026-05-05 17:00:00
241,52,14,2026-05-12 08:00:00,2026-05-12 11:00:00
242,52,15,2026-05-20 09:00:00,2026-05-20 12:00:00
243,52,9,2026-05-19 12:00:00,2026-05-19 15:00:00
244,52,12,2026-05-05 10:00:00,2026-05-05 13:00:00
245,53,1,2026-05-09 11:00:00,2026-05-09 13:00:00
246,53,15,2026-05-01 19:00:00,2026-05-01 21:00:00
247,53,2,2026-05-19 11:00:00,2026-05-19 12:00:00
248,53,4,2026-05-12 07:00:00,2026-05-12 10:00:00
249,53,4,2026-05-09 13:00:00,2026-05-09 14:00:00
250,53,14,2026-05-20 07:00:00,2026-05-20 09:00:00
251,54,13,2026-05-11 07:00:00,2026-05-11 09:00:00
252,54,16,2026-05-15 11:00:00,2026-05-15 12:00:00
253,54,9,2026-05-12 07:00:00,2026-05-12 08:00:00
254,54,1,2026-05-18 08:00:00,2026-05-18 09:00:00
255,55,11,2026-05-13 07:00:00,2026-05-13 08:00:00
256,55,15,2026-05-12 19:00:00,2026-05-12 21:00:00
257,55,13,2026-05-12 17:00:00,2026-05-12 20:00:00
258,55,13,2026-05-12 09:00:00,2026-05-12 12:00:00
259,55,7,2026-05-26 11:00:00,2026-05-26 13:00:00
260,55,12,2026-05-22 08:00:00,2026-05-22 10:00:00
261,56,4,2026-05-25 09:00:00,2026-05-25 11:00:00
262,56,13,2026-05-22 16:00:00,2026-05-22 17:00:00
263,56,15,2026-05-26 14:00:00,2026-05-26 15:00:00
264,56,1,2026-05-16 07:00:00,2026-05-16 09:00:00
265,56,9,2026-05-01 15:00:00,2026-05-01 18:00:00
266,56,2,2026-05-20 12:00:00,2026-05-20 14:00:00
267,57,13,2026-05-18 14:00:00,2026-05-18 16:00:00
268,57,1,2026-05-19 21:00:00,2026-05-19 21:00:00
269,57,15,2026-05-16 10:00:00,2026-05-16 12:00:00
270,57,10,2026-05-19 16:00:00,2026-05-19 19:00:00
271,58,5,2026-05-26 08:00:00,2026-05-26 09:00:00
272,58,12,2026-05-01 09:00:00,2026-05-01 11:00:00
273,58,14,2026-05-08 16:00:00,2026-05-08 18:00:00
274,58,5,2026-05-09 09:00:00,2026-05-09 11:00:00
275,58,11,2026-05-01 09:00:00,2026-05-01 10:00:00
276,58,17,2026-05-27 09:00:00,2026-05-27 10:00:00
277,58,7,2026-05-06 18:00:00,2026-05-06 19:00:00
278,59,4,2026-05-27 20:00:00,2026-05-27 21:00:00
279,59,3,2026-05-16 15:00:00,2026-05-16 17:00:00
280,59,15,2026-05-02 13:00:00,2026-05-02 16:00:00
281,59,11,2026-05-12 17:00:00,2026-05-12 18:00:00
282,59,13,2026-05-15 20:00:00,2026-05-15 21:00:00
283,59,6,2026-05-06 20:00:00,2026-05-06 21:00:00
284,60,7,2026-05-13 11:00:00,2026-05-13 12:00:00
285,60,12,2026-05-11 13:00:00,2026-05-11 16:00:00
286,60,14,2026-05-06 08:00:00,2026-05-06 10:00:00
287,60,12,2026-05-09 13:00:00,2026-05-09 15:00:00
288,61,12,2026-05-27 07:00:00,2026-05-27 10:00:00
289,61,8,2026-05-08 09:00:00,2026-05-08 12:00:00
290,61,11,2026-05-13 21:00:00,2026-05-13 21:00:00
291,61,5,2026-05-04 19:00:00,2026-05-04 21:00:00
292,61,1,2026-05-01 18:00:00,2026-05-01 20:00:00
293,62,6,2026-05-18 07:00:00,2026-05-18 08:00:00
294,62,6,2026-05-12 17:00:00,2026-05-12 20:00:00
295,62,16,2026-05-13 11:00:00,2026-05-13 13:00:00
296,62,10,2026-05-18 16:00:00,2026-05-18 19:00:00
297,62,9,2026-05-18 10:00:00,2026-05-18 13:00:00
298,62,17,2026-05-06 13:00:00,2026-05-06 15:00:00
299,63,5,2026-05-11 15:00:00,2026-05-11 17:00:00
300,63,8,2026-05-15 10:00:00,2026-05-15 11:00:00
301,63,15,2026-05-05 17:00:00,2026-05-05 18:00:00
302,63,4,2026-05-11 12:00:00,2026-05-11 14:00:00
303,64,3,2026-05-15 15:00:00,2026-05-15 18:00:00
304,64,4,2026-05-11 14:00:00,2026-05-11 15:00:00
305,64,10,2026-05-01 21:00:00,2026-05-01 21:00:00
306,64,11,2026-05-16 19:00:00,2026-05-16 21:00:00
307,65,14,2026-05-12 20:00:00,2026-05-12 21:00:00
308,65,2,2026-05-02 12:00:00,2026-05-02 15:00:00
309,65,2,2026-05-06 12:00:00,2026-05-06 15:00:00
310,66,11,2026-05-02 19:00:00,2026-05-02 21:00:00
311,66,17,2026-05-23 18:00:00,2026-05-23 20:00:00
312,66,17,2026-05-13 17:00:00,2026-05-13 18:00:00
313,66,10,2026-05-20 20:00:00,2026-05-20 21:00:00
314,66,15,2026-05-05 21:00:00,2026-05-06 00:00:00
315,67,14,2026-05-05 12:00:00,2026-05-05 15:00:00
316,67,6,2026-05-25 13:00:00,2026-05-25 16:00:00
317,67,9,2026-05-11 16:00:00,2026-05-11 19:00:00
318,67,3,2026-05-22 20:00:00,2026-05-22 21:00:00
319,67,15,2026-05-19 16:00:00,2026-05-19 19:00:00
320,68,2,2026-05-01 18:00:00,2026-05-01 21:00:00
321,68,2,2026-05-08 21:00:00,2026-05-08 21:00:00
322,68,1,2026-05-01 17:00:00,2026-05-01 20:00:00
323,68,4,2026-05-01 17:00:00,2026-05-01 18:00:00
324,68,14,2026-05-08 12:00:00,2026-05-08 15:00:00
325,68,13,2026-05-13 09:00:00,2026-05-13 11:00:00
326,68,6,2026-05-12 10:00:00,2026-05-12 12:00:00
327,69,16,2026-05-27 14:00:00,2026-05-27 16:00:00
328,69,4,2026-05-02 19:00:00,2026-05-02 20:00:00
329,69,6,2026-05-19 13:00:00,2026-05-19 16:00:00
330,70,17,2026-05-23 20:00:00,2026-05-23 21:00:00
331,70,5,2026-05-11 08:00:00,2026-05-11 10:00:00
332,70,11,2026-05-05 20:00:00,2026-05-05 21:00:00
333,70,13,2026-05-15 07:00:00,2026-05-15 10:00:00
334,70,15,2026-05-08 11:00:00,2026-05-08 13:00:00
335,71,7,2026-05-25 18:00:00,2026-05-25 19:00:00
336,71,11,2026-05-09 20:00:00,2026-05-09 21:00:00
337,71,12,2026-05-18 09:00:00,2026-05-18 10:00:00
338,71,8,2026-05-19 17:00:00,2026-05-19 20:00:00
339,71,11,2026-05-25 13:00:00,2026-05-25 16:00:00
340,71,6,2026-05-12 17:00:00,2026-05-12 20:00:00
341,72,17,2026-05-12 13:00:00,2026-05-12 14:00:00
342,72,3,2026-05-25 19:00:00,2026-05-25 20:00:00
343,72,4,2026-05-25 21:00:00,2026-05-25 21:00:00
344,72,10,2026-05-15 09:00:00,2026-05-15 10:00:00
345,72,6,2026-05-02 13:00:00,2026-05-02 16:00:00
346,73,17,2026-05-16 21:00:00,2026-05-16 21:00:00
347,73,3,2026-05-08 07:00:00,2026-05-08 10:00:00
348,73,17,2026-05-04 13:00:00,2026-05-04 14:00:00
349,73,5,2026-05-20 08:00:00,2026-05-20 09:00:00
350,73,9,2026-05-12 20:00:00,2026-05-12 21:00:00
351,73,13,2026-05-12 09:00:00,2026-05-12 12:00:00
352,73,2,2026-05-06 15:00:00,2026-05-06 18:00:00
353,74,4,2026-05-16 21:00:00,2026-05-17 00:00:00
354,74,8,2026-05-26 18:00:00,2026-05-26 20:00:00
355,74,3,2026-05-09 10:00:00,2026-05-09 11:00:00
356,75,15,2026-05-19 14:00:00,2026-05-19 15:00:00
357,75,12,2026-05-04 21:00:00,2026-05-04 21:00:00
358,75,14,2026-05-19 18:00:00,2026-05-19 21:00:00
359,75,12,2026-05-04 11:00:00,2026-05-04 13:00:00
360,75,6,2026-05-04 11:00:00,2026-05-04 13:00:00
361,75,17,2026-05-27 18:00:00,2026-05-27 21:00:00
362,76,4,2026-05-01 07:00:00,2026-05-01 10:00:00
363,76,11,2026-05-22 08:00:00,2026-05-22 09:00:00
364,76,15,2026-05-13 19:00:00,2026-05-13 21:00:00
365,76,10,2026-05-05 12:00:00,2026-05-05 15:00:00
366,77,17,2026-05-02 17:00:00,2026-05-02 20:00:00
367,77,6,2026-05-22 18:00:00,2026-05-22 19:00:00
368,77,8,2026-05-26 07:00:00,2026-05-26 08:00:00
369,77,16,2026-05-26 21:00:00,2026-05-27 00:00:00
370,77,6,2026-05-12 20:00:00,2026-05-12 21:00:00
371,77,5,2026-05-08 19:00:00,2026-05-08 21:00:00
372,78,3,2026-05-25 11:00:00,2026-05-25 12:00:00
373,78,5,2026-05-04 16:00:00,2026-05-04 17:00:00
374,78,7,2026-05-25 19:00:00,2026-05-25 21:00:00
375,79,8,2026-05-18 12:00:00,2026-05-18 15:00:00
376,79,6,2026-05-04 18:00:00,2026-05-04 20:00:00
377,79,8,2026-05-16 21:00:00,2026-05-17 00:00:00
378,79,10,2026-05-15 13:00:00,2026-05-15 15:00:00
379,80,7,2026-05-06 19:00:00,2026-05-06 21:00:00
380,80,5,2026-05-15 18:00:00,2026-05-15 20:00:00
381,80,5,2026-05-25 10:00:00,2026-05-25 11:00:00
382,80,3,2026-05-25 18:00:00,2026-05-25 21:00:00
383,80,10,2026-05-04 08:00:00,2026-05-04 10:00:00
384,80,1,2026-05-12 18:00:00,2026-05-12 20:00:00
385,81,10,2026-05-20 10:00:00,2026-05-20 12:00:00
386,81,17,2026-05-27 18:00:00,2026-05-27 19:00:00
387,81,13,2026-05-26 10:00:00,2026-05-26 11:00:00
388,81,17,2026-05-13 17:00:00,2026-05-13 18:00:00
389,81,4,2026-05-19 19:00:00,2026-05-19 21:00:00
390,82,9,2026-05-05 17:00:00,2026-05-05 18:00:00
391,82,17,2026-05-16 09:00:00,2026-05-16 10:00:00
392,82,16,2026-05-09 10:00:00,2026-05-09 12:00:00
393,82,13,2026-05-04 11:00:00,2026-05-04 13:00:00
394,82,9,2026-05-09 21:00:00,2026-05-09 21:00:00
395,82,10,2026-05-05 09:00:00,2026-05-05 11:00:00
396,82,12,2026-05-25 12:00:00,2026-05-25 14:00:00
397,83,11,2026-05-04 20:00:00,2026-05-04 21:00:00
398,83,12,2026-05-02 19:00:00,2026-05-02 21:00:00
399,83,4,2026-05-12 08:00:00,2026-05-12 11:00:00
400,83,1,2026-05-20 07:00:00,2026-05-20 08:00:00
401,83,10,2026-05-05 19:00:00,2026-05-05 21:00:00
402,83,17,2026-05-13 21:00:00,2026-05-13 21:00:00
403,83,16,2026-05-01 18:00:00,2026-05-01 19:00:00
404,84,3,2026-05-06 18:00:00,2026-05-06 21:00:00
405,84,9,2026-05-05 17:00:00,2026-05-05 19:00:00
406,84,12,2026-05-16 13:00:00,2026-05-16 15:00:00
407,84,16,2026-05-25 15:00:00,2026-05-25 18:00:00
408,84,1,2026-05-02 12:00:00,2026-05-02 13:00:00
409,84,17,2026-05-16 15:00:00,2026-05-16 17:00:00
410,84,7,2026-05-18 07:00:00,2026-05-18 08:00:00
411,85,10,2026-05-18 07:00:00,2026-05-18 09:00:00
412,85,7,2026-05-19 10:00:00,2026-05-19 11:00:00
413,85,5,2026-05-12 10:00:00,2026-05-12 12:00:00
414,85,5,2026-05-16 13:00:00,2026-05-16 15:00:00
415,85,12,2026-05-15 16:00:00,2026-05-15 17:00:00
416,85,1,2026-05-08 07:00:00,2026-05-08 09:00:00
417,86,4,2026-05-12 09:00:00,2026-05-12 12:00:00
418,86,2,2026-05-22 07:00:00,2026-05-22 08:00:00
419,86,12,2026-05-08 09:00:00,2026-05-08 11:00:00
420,86,12,2026-05-09 10:00:00,2026-05-09 11:00:00
421,86,12,2026-05-25 10:00:00,2026-05-25 11:00:00
422,86,5,2026-05-12 17:00:00,2026-05-12 18:00:00
423,86,8,2026-05-16 21:00:00,2026-05-16 21:00:00
424,87,15,2026-05-19 14:00:00,2026-05-19 17:00:00
425,87,14,2026-05-25 09:00:00,2026-05-25 11:00:00
426,87,8,2026-05-20 20:00:00,2026-05-20 21:00:00
427,87,10,2026-05-19 11:00:00,2026-05-19 14:00:00
428,87,7,2026-05-19 19:00:00,2026-05-19 20:00:00
429,88,6,2026-05-09 08:00:00,2026-05-09 11:00:00
430,88,12,2026-05-18 18:00:00,2026-05-18 20:00:00
431,88,10,2026-05-26 09:00:00,2026-05-26 11:00:00
432,89,11,2026-05-01 09:00:00,2026-05-01 12:00:00
433,89,1,2026-05-13 08:00:00,2026-05-13 11:00:00
434,89,17,2026-05-26 08:00:00,2026-05-26 11:00:00
435,89,4,2026-05-23 20:00:00,2026-05-23 21:00:00
436,89,4,2026-05-13 08:00:00,2026-05-13 11:00:00
437,89,12,2026-05-15 18:00:00,2026-05-15 19:00:00
438,89,14,2026-05-06 08:00:00,2026-05-06 09:00:00
439,90,6,2026-05-26 08:00:00,2026-05-26 10:00:00
440,90,2,2026-05-25 15:00:00,2026-05-25 18:00:00
441,90,12,2026-05-15 21:00:00,2026-05-16 00:00:00
442,90,16,2026-05-09 10:00:00,2026-05-09 12:00:00
443,90,16,2026-05-06 19:00:00,2026-05-06 20:00:00
444,90,13,2026-05-27 14:00:00,2026-05-27 17:00:00
445,90,2,2026-05-04 10:00:00,2026-05-04 12:00:00
446,91,16,2026-05-16 09:00:00,2026-05-16 10:00:00
447,91,13,2026-05-05 16:00:00,2026-05-05 19:00:00
448,91,16,2026-05-02 11:00:00,2026-05-02 12:00:00
449,92,4,2026-05-23 09:00:00,2026-05-23 11:00:00
450,92,8,2026-05-11 10:00:00,2026-05-11 12:00:00
451,92,14,2026-05-26 07:00:00,2026-05-26 10:00:00
452,92,12,2026-05-20 11:00:00,2026-05-20 13:00:00
453,92,4,2026-05-23 12:00:00,2026-05-23 14:00:00
454,92,9,2026-05-04 10:00:00,2026-05-04 11:00:00
455,93,13,2026-05-26 17:00:00,2026-05-26 19:00:00
456,93,5,2026-05-02 07:00:00,2026-05-02 08:00:00
457,93,8,2026-05-12 08:00:00,2026-05-12 10:00:00
458,93,16,2026-05-11 07:00:00,2026-05-11 10:00:00
459,94,14,2026-05-16 08:00:00,2026-05-16 10:00:00
460,94,4,2026-05-11 19:00:00,2026-05-11 21:00:00
461,94,4,2026-05-05 16:00:00,2026-05-05 18:00:00
462,94,4,2026-05-13 16:00:00,2026-05-13 18:00:00
463,95,8,2026-05-06 14:00:00,2026-05-06 16:00:00
464,95,13,2026-05-19 09:00:00,2026-05-19 11:00:00
465,95,11,2026-05-23 19:00:00,2026-05-23 21:00:00
466,95,4,2026-05-12 17:00:00,2026-05-12 18:00:00
467,96,1,2026-05-23 15:00:00,2026-05-23 18:00:00
468,96,13,2026-05-15 13:00:00,2026-05-15 14:00:00
469,96,6,2026-05-26 18:00:00,2026-05-26 20:00:00
470,97,8,2026-05-01 14:00:00,2026-05-01 17:00:00
471,97,7,2026-05-04 10:00:00,2026-05-04 12:00:00
472,97,1,2026-05-15 09:00:00,2026-05-15 12:00:00
473,97,5,2026-05-15 07:00:00,2026-05-15 09:00:00
474,97,2,2026-05-25 12:00:00,2026-05-25 14:00:00
475,97,7,2026-05-08 08:00:00,2026-05-08 11:00:00
476,97,3,2026-05-18 08:00:00,2026-05-18 09:00:00
477,98,4,2026-05-09 18:00:00,2026-05-09 21:00:00
478,98,13,2026-05-27 21:00:00,2026-05-27 21:00:00
479,98,1,2026-05-18 11:00:00,2026-05-18 12:00:00
480,98,6,2026-05-18 09:00:00,2026-05-18 11:00:00
481,98,2,2026-05-09 07:00:00,2026-05-09 10:00:00
482,98,14,2026-05-23 19:00:00,2026-05-23 21:00:00
483,99,11,2026-05-12 18:00:00,2026-05-12 21:00:00
484,99,5,2026-05-13 17:00:00,2026-05-13 20:00:00
485,99,11,2026-05-11 15:00:00,2026-05-11 18:00:00
486,99,10,2026-05-05 07:00:00,2026-05-05 09:00:00
487,99,3,2026-05-08 10:00:00,2026-05-08 12:00:00
488,99,17,2026-05-27 11:00:00,2026-05-27 14:00:00
489,100,1,2026-05-01 14:00:00,2026-05-01 17:00:00
490,100,12,2026-05-01 07:00:00,2026-05-01 08:00:00
491,100,10,2026-05-18 07:00:00,2026-05-18 08:00:00
492,100,2,2026-05-23 07:00:00,2026-05-23 09:00:00
493,100,11,2026-05-25 11:00:00,2026-05-25 12:00:00
494,101,16,2026-05-12 18:00:00,2026-05-12 19:00:00
495,101,7,2026-05-02 12:00:00,2026-05-02 15:00:00
496,101,3,2026-05-02 18:00:00,2026-05-02 20:00:00
497,101,10,2026-05-26 15:00:00,2026-05-26 16:00:00
498,101,11,2026-05-12 10:00:00,2026-05-12 12:00:00
499,101,1,2026-05-06 19:00:00,2026-05-06 20:00:00
500,101,8,2026-05-27 21:00:00,2026-05-27 21:00:00
501,102,17,2026-05-13 11:00:00,2026-05-13 14:00:00
502,102,12,2026-05-04 08:00:00,2026-05-04 10:00:00
503,102,16,2026-05-16 12:00:00,2026-05-16 13:00:00
504,102,13,2026-05-20 12:00:00,2026-05-20 13:00:00
505,102,11,2026-05-16 20:00:00,2026-05-16 21:00:00
506,102,5,2026-05-04 08:00:00,2026-05-04 09:00:00
507,103,6,2026-05-11 15:00:00,2026-05-11 18:00:00
508,103,15,2026-05-12 10:00:00,2026-05-12 12:00:00
509,103,6,2026-05-16 13:00:00,2026-05-16 15:00:00
510,103,3,2026-05-12 17:00:00,2026-05-12 18:00:00
511,103,3,2026-05-05 18:00:00,2026-05-05 19:00:00
512,103,6,2026-05-19 11:00:00,2026-05-19 14:00:00
513,103,17,2026-05-05 17:00:00,2026-05-05 19:00:00
514,104,13,2026-05-06 20:00:00,2026-05-06 21:00:00
515,104,13,2026-05-06 19:00:00,2026-05-06 21:00:00
516,104,3,2026-05-26 08:00:00,2026-05-26 09:00:00
517,104,16,2026-05-02 12:00:00,2026-05-02 13:00:00
518,104,7,2026-05-23 17:00:00,2026-05-23 20:00:00
519,104,15,2026-05-01 10:00:00,2026-05-01 11:00:00
520,104,11,2026-05-27 16:00:00,2026-05-27 17:00:00
521,105,17,2026-05-22 16:00:00,2026-05-22 17:00:00
522,105,3,2026-05-06 15:00:00,2026-05-06 18:00:00
523,105,6,2026-05-19 09:00:00,2026-05-19 12:00:00
524,105,6,2026-05-27 10:00:00,2026-05-27 12:00:00
525,105,6,2026-05-23 19:00:00,2026-05-23 20:00:00
526,105,12,2026-05-16 17:00:00,2026-05-16 19:00:00
527,105,5,2026-05-01 16:00:00,2026-05-01 18:00:00
528,106,11,2026-05-02 15:00:00,2026-05-02 18:00:00
529,106,1,2026-05-25 13:00:00,2026-05-25 16:00:00
530,106,8,2026-05-16 15:00:00,2026-05-16 18:00:00
531,106,16,2026-05-09 14:00:00,2026-05-09 17:00:00
532,106,3,2026-05-12 20:00:00,2026-05-12 21:00:00
533,106,3,2026-05-23 20:00:00,2026-05-23 21:00:00
534,107,1,2026-05-25 19:00:00,2026-05-25 20:00:00
535,107,1,2026-05-15 10:00:00,2026-05-15 13:00:00
536,107,5,2026-05-27 19:00:00,2026-05-27 20:00:00
537,107,17,2026-05-04 20:00:00,2026-05-04 21:00:00
538,107,10,2026-05-20 16:00:00,2026-05-20 17:00:00
539,108,14,2026-05-16 12:00:00,2026-05-16 15:00:00
540,108,2,2026-05-09 07:00:00,2026-05-09 08:00:00
541,108,13,2026-05-06 13:00:00,2026-05-06 14:00:00
542,109,9,2026-05-15 11:00:00,2026-05-15 14:00:00
543,109,7,2026-05-12 08:00:00,2026-05-12 10:00:00
544,109,17,2026-05-15 14:00:00,2026-05-15 16:00:00
545,109,2,2026-05-25 17:00:00,2026-05-25 19:00:00
546,109,16,2026-05-27 11:00:00,2026-05-27 14:00:00
547,109,5,2026-05-22 11:00:00,2026-05-22 12:00:00
548,109,14,2026-05-12 18:00:00,2026-05-12 21:00:00
549,110,9,2026-05-12 07:00:00,2026-05-12 10:00:00
550,110,17,2026-05-02 18:00:00,2026-05-02 20:00:00
551,110,13,2026-05-13 07:00:00,2026-05-13 09:00:00
552,110,8,2026-05-18 19:00:00,2026-05-18 21:00:00
553,110,6,2026-05-27 13:00:00,2026-05-27 15:00:00
554,111,7,2026-05-19 14:00:00,2026-05-19 15:00:00
555,111,10,2026-05-25 20:00:00,2026-05-25 21:00:00
556,111,14,2026-05-02 15:00:00,2026-05-02 16:00:00
557,111,11,2026-05-09 07:00:00,2026-05-09 09:00:00
558,111,7,2026-05-08 07:00:00,2026-05-08 10:00:00
559,111,1,2026-05-26 11:00:00,2026-05-26 14:00:00
560,112,9,2026-05-26 08:00:00,2026-05-26 10:00:00
561,112,14,2026-05-02 19:00:00,2026-05-02 20:00:00
562,112,3,2026-05-12 08:00:00,2026-05-12 11:00:00
563,112,2,2026-05-22 16:00:00,2026-05-22 18:00:00
564,112,1,2026-05-26 18:00:00,2026-05-26 19:00:00
565,113,17,2026-05-15 20:00:00,2026-05-15 21:00:00
566,113,17,2026-05-26 07:00:00,2026-05-26 09:00:00
567,113,10,2026-05-02 08:00:00,2026-05-02 11:00:00
568,113,10,2026-05-04 08:00:00,2026-05-04 11:00:00
569,113,15,2026-05-04 21:00:00,2026-05-05 00:00:00
570,113,7,2026-05-13 07:00:00,2026-05-13 10:00:00
571,114,5,2026-05-13 09:00:00,2026-05-13 12:00:00
572,114,10,2026-05-16 20:00:00,2026-05-16 21:00:00
573,114,17,2026-05-08 09:00:00,2026-05-08 10:00:00
574,114,9,2026-05-12 11:00:00,2026-05-12 12:00:00
575,114,17,2026-05-20 14:00:00,2026-05-20 15:00:00
576,114,13,2026-05-08 11:00:00,2026-05-08 13:00:00
577,115,3,2026-05-05 13:00:00,2026-05-05 14:00:00
578,115,17,2026-05-22 16:00:00,2026-05-22 18:00:00
579,115,10,2026-05-23 16:00:00,2026-05-23 18:00:00
580,115,2,2026-05-08 20:00:00,2026-05-08 21:00:00
581,115,8,2026-05-19 12:00:00,2026-05-19 15:00:00
582,116,4,2026-05-22 14:00:00,2026-05-22 17:00:00
583,116,3,2026-05-13 18:00:00,2026-05-13 19:00:00
584,116,6,2026-05-06 20:00:00,2026-05-06 21:00:00
585,116,2,2026-05-13 07:00:00,2026-05-13 08:00:00
586,116,7,2026-05-20 12:00:00,2026-05-20 13:00:00
587,116,7,2026-05-12 15:00:00,2026-05-12 18:00:00
588,116,4,2026-05-02 21:00:00,2026-05-02 21:00:00
589,117,11,2026-05-25 21:00:00,2026-05-25 21:00:00
590,117,2,2026-05-06 20:00:00,2026-05-06 21:00:00
591,117,17,2026-05-02 13:00:00,2026-05-02 16:00:00
592,117,17,2026-05-06 21:00:00,2026-05-06 21:00:00
593,117,15,2026-05-01 16:00:00,2026-05-01 18:00:00
594,117,12,2026-05-26 14:00:00,2026-05-26 16:00:00
595,118,2,2026-05-08 10:00:00,2026-05-08 11:00:00
596,118,12,2026-05-13 19:00:00,2026-05-13 21:00:00
597,118,15,2026-05-04 13:00:00,2026-05-04 15:00:00
598,118,3,2026-05-18 12:00:00,2026-05-18 15:00:00
599,118,7,2026-05-18 15:00:00,2026-05-18 18:00:00
600,118,12,2026-05-01 12:00:00,2026-05-01 14:00:00
601,119,16,2026-05-20 07:00:00,2026-05-20 09:00:00
602,119,14,2026-05-13 21:00:00,2026-05-13 21:00:00
603,119,17,2026-05-12 10:00:00,2026-05-12 11:00:00
604,119,11,2026-05-13 18:00:00,2026-05-13 21:00:00
605,119,8,2026-05-05 08:00:00,2026-05-05 09:00:00
606,120,13,2026-05-20 15:00:00,2026-05-20 17:00:00
607,120,4,2026-05-11 15:00:00,2026-05-11 17:00:00
608,120,3,2026-05-02 17:00:00,2026-05-02 19:00:00
609,121,1,2026-05-11 14:00:00,2026-05-11 15:00:00
610,121,12,2026-05-18 20:00:00,2026-05-18 21:00:00
611,121,15,2026-05-26 18:00:00,2026-05-26 21:00:00
612,122,4,2026-05-18 21:00:00,2026-05-18 21:00:00
613,122,15,2026-05-09 18:00:00,2026-05-09 19:00:00
614,122,13,2026-05-11 15:00:00,2026-05-11 16:00:00
615,122,15,2026-05-16 13:00:00,2026-05-16 14:00:00
616,122,11,2026-05-16 07:00:00,2026-05-16 08:00:00
617,123,3,2026-05-15 16:00:00,2026-05-15 19:00:00
618,123,16,2026-05-27 12:00:00,2026-05-27 13:00:00
619,123,5,2026-05-02 16:00:00,2026-05-02 19:00:00
620,124,13,2026-05-20 14:00:00,2026-05-20 17:00:00
621,124,16,2026-05-13 13:00:00,2026-05-13 14:00:00
622,124,2,2026-05-27 16:00:00,2026-05-27 17:00:00
623,124,8,2026-05-26 14:00:00,2026-05-26 17:00:00
624,124,3,2026-05-02 15:00:00,2026-05-02 16:00:00
625,125,2,2026-05-05 09:00:00,2026-05-05 11:00:00
626,125,7,2026-05-06 10:00:00,2026-05-06 12:00:00
627,125,1,2026-05-19 07:00:00,2026-05-19 10:00:00
628,125,3,2026-05-19 21:00:00,2026-05-20 00:00:00
629,125,10,2026-05-22 08:00:00,2026-05-22 10:00:00
630,125,7,2026-05-13 15:00:00,2026-05-13 18:00:00
631,126,1,2026-05-09 10:00:00,2026-05-09 11:00:00
632,126,7,2026-05-12 16:00:00,2026-05-12 19:00:00
633,126,9,2026-05-23 16:00:00,2026-05-23 17:00:00
634,126,3,2026-05-18 20:00:00,2026-05-18 21:00:00
635,126,8,2026-05-11 11:00:00,2026-05-11 12:00:00
636,126,8,2026-05-04 13:00:00,2026-05-04 15:00:00
637,127,4,2026-05-25 11:00:00,2026-05-25 12:00:00
638,127,8,2026-05-08 21:00:00,2026-05-09 00:00:00
639,127,7,2026-05-20 07:00:00,2026-05-20 09:00:00
640,127,10,2026-05-08 09:00:00,2026-05-08 10:00:00
641,127,4,2026-05-15 15:00:00,2026-05-15 17:00:00
642,128,12,2026-05-12 07:00:00,2026-05-12 10:00:00
643,128,10,2026-05-11 17:00:00,2026-05-11 19:00:00
644,128,5,2026-05-15 10:00:00,2026-05-15 12:00:00
645,128,16,2026-05-16 17:00:00,2026-05-16 18:00:00
646,128,17,2026-05-05 11:00:00,2026-05-05 13:00:00
647,129,6,2026-05-01 13:00:00,2026-05-01 16:00:00
648,129,14,2026-05-09 17:00:00,2026-05-09 20:00:00
649,129,17,2026-05-01 17:00:00,2026-05-01 19:00:00
650,130,10,2026-05-09 17:00:00,2026-05-09 20:00:00
651,130,1,2026-05-19 14:00:00,2026-05-19 16:00:00
652,130,9,2026-05-08 19:00:00,2026-05-08 20:00:00
653,130,11,2026-05-12 16:00:00,2026-05-12 17:00:00
654,130,7,2026-05-20 08:00:00,2026-05-20 09:00:00
655,130,13,2026-05-27 09:00:00,2026-05-27 12:00:00
656,131,3,2026-05-01 18:00:00,2026-05-01 20:00:00
657,131,2,2026-05-22 18:00:00,2026-05-22 20:00:00
658,131,13,2026-05-20 07:00:00,2026-05-20 10:00:00
659,132,16,2026-05-11 14:00:00,2026-05-11 17:00:00
660,132,17,2026-05-04 19:00:00,2026-05-04 21:00:00
661,132,7,2026-05-12 17:00:00,2026-05-12 18:00:00
662,132,1,2026-05-13 16:00:00,2026-05-13 19:00:00
663,132,7,2026-05-22 16:00:00,2026-05-22 19:00:00
664,132,13,2026-05-25 07:00:00,2026-05-25 09:00:00
665,132,3,2026-05-01 10:00:00,2026-05-01 13:00:00
666,133,3,2026-05-27 16:00:00,2026-05-27 17:00:00
667,133,11,2026-05-04 13:00:00,2026-05-04 15:00:00
668,133,2,2026-05-23 17:00:00,2026-05-23 20:00:00
669,133,9,2026-05-09 19:00:00,2026-05-09 21:00:00
670,133,10,2026-05-12 07:00:00,2026-05-12 10:00:00
671,133,8,2026-05-08 09:00:00,2026-05-08 11:00:00
672,134,11,2026-05-15 21:00:00,2026-05-15 21:00:00
673,134,12,2026-05-19 11:00:00,2026-05-19 14:00:00
674,134,10,2026-05-12 07:00:00,2026-05-12 10:00:00
675,134,4,2026-05-02 11:00:00,2026-05-02 14:00:00
676,135,8,2026-05-08 09:00:00,2026-05-08 11:00:00
677,135,2,2026-05-09 07:00:00,2026-05-09 09:00:00
678,135,7,2026-05-20 18:00:00,2026-05-20 21:00:00
679,136,2,2026-05-22 17:00:00,2026-05-22 18:00:00
680,136,7,2026-05-26 18:00:00,2026-05-26 20:00:00
681,136,9,2026-05-12 18:00:00,2026-05-12 21:00:00
682,137,9,2026-05-25 12:00:00,2026-05-25 14:00:00
683,137,5,2026-05-05 09:00:00,2026-05-05 10:00:00
684,137,6,2026-05-08 11:00:00,2026-05-08 12:00:00
685,138,14,2026-05-08 07:00:00,2026-05-08 09:00:00
686,138,7,2026-05-26 16:00:00,2026-05-26 19:00:00
687,138,17,2026-05-02 10:00:00,2026-05-02 12:00:00
688,139,15,2026-05-01 15:00:00,2026-05-01 18:00:00
689,139,10,2026-05-13 17:00:00,2026-05-13 20:00:00
690,139,15,2026-05-15 13:00:00,2026-05-15 16:00:00
691,139,5,2026-05-23 19:00:00,2026-05-23 21:00:00
692,139,2,2026-05-26 15:00:00,2026-05-26 18:00:00
693,139,14,2026-05-18 20:00:00,2026-05-18 21:00:00
694,139,15,2026-05-09 13:00:00,2026-05-09 15:00:00
695,140,7,2026-05-20 07:00:00,2026-05-20 08:00:00
696,140,8,2026-05-19 15:00:00,2026-05-19 18:00:00
697,140,6,2026-05-16 21:00:00,2026-05-16 21:00:00
698,141,14,2026-05-27 15:00:00,2026-05-27 16:00:00
699,141,3,2026-05-06 12:00:00,2026-05-06 15:00:00
700,141,6,2026-05-15 17:00:00,2026-05-15 18:00:00
701,141,5,2026-05-05 10:00:00,2026-05-05 12:00:00
702,141,6,2026-05-22 12:00:00,2026-05-22 15:00:00
703,141,3,2026-05-26 08:00:00,2026-05-26 10:00:00
704,141,13,2026-05-05 09:00:00,2026-05-05 11:00:00
705,142,17,2026-05-16 11:00:00,2026-05-16 14:00:00
706,142,17,2026-05-20 16:00:00,2026-05-20 17:00:00
707,142,10,2026-05-05 07:00:00,2026-05-05 09:00:00
708,142,4,2026-05-09 13:00:00,2026-05-09 14:00:00
709,143,5,2026-05-22 21:00:00,2026-05-22 21:00:00
710,143,15,2026-05-05 08:00:00,2026-05-05 09:00:00
711,143,11,2026-05-20 07:00:00,2026-05-20 08:00:00
712,143,9,2026-05-23 16:00:00,2026-05-23 18:00:00
713,143,3,2026-05-06 21:00:00,2026-05-07 00:00:00
714,143,7,2026-05-02 11:00:00,2026-05-02 13:00:00
715,143,10,2026-05-05 21:00:00,2026-05-05 21:00:00
716,144,8,2026-05-26 08:00:00,2026-05-26 11:00:00
717,144,1,2026-05-22 11:00:00,2026-05-22 12:00:00
718,144,1,2026-05-13 07:00:00,2026-05-13 08:00:00
719,145,13,2026-05-09 09:00:00,2026-05-09 11:00:00
720,145,7,2026-05-05 12:00:00,2026-05-05 13:00:00
721,145,9,2026-05-18 09:00:00,2026-05-18 10:00:00
722,145,14,2026-05-13 13:00:00,2026-05-13 15:00:00
723,146,11,2026-05-04 19:00:00,2026-05-04 20:00:00
724,146,16,2026-05-20 15:00:00,2026-05-20 17:00:00
725,146,6,2026-05-18 13:00:00,2026-05-18 14:00:00
726,146,17,2026-05-13 21:00:00,2026-05-13 21:00:00
727,146,11,2026-05-25 16:00:00,2026-05-25 17:00:00
728,146,12,2026-05-23 16:00:00,2026-05-23 19:00:00
729,146,2,2026-05-06 15:00:00,2026-05-06 18:00:00
730,147,4,2026-05-09 08:00:00,2026-05-09 10:00:00
731,147,14,2026-05-06 21:00:00,2026-05-06 21:00:00
732,147,1,2026-05-13 16:00:00,2026-05-13 19:00:00
733,147,11,2026-05-27 10:00:00,2026-05-27 12:00:00
734,147,10,2026-05-15 09:00:00,2026-05-15 10:00:00
735,148,11,2026-05-16 13:00:00,2026-05-16 14:00:00
736,148,6,2026-05-27 10:00:00,2026-05-27 13:00:00
737,148,16,2026-05-22 19:00:00,2026-05-22 21:00:00
738,148,2,2026-05-04 10:00:00,2026-05-04 11:00:00
739,148,11,2026-05-26 11:00:00,2026-05-26 14:00:00
740,148,1,2026-05-08 12:00:00,2026-05-08 13:00:00
741,148,16,2026-05-04 09:00:00,2026-05-04 12:00:00
742,149,16,2026-05-06 11:00:00,2026-05-06 12:00:00
743,149,16,2026-05-02 16:00:00,2026-05-02 17:00:00
744,149,17,2026-05-20 10:00:00,2026-05-20 13:00:00
745,149,11,2026-05-16 07:00:00,2026-05-16 08:00:00
746,149,9,2026-05-04 10:00:00,2026-05-04 11:00:00
747,149,4,2026-05-02 20:00:00,2026-05-02 21:00:00
748,149,17,2026-05-06 11:00:00,2026-05-06 13:00:00
749,150,2,2026-05-06 20:00:00,2026-05-06 21:00:00
750,150,16,2026-05-11 15:00:00,2026-05-11 17:00:00
751,150,14,2026-05-11 09:00:00,2026-05-11 12:00:00
752,151,9,2026-05-16 15:00:00,2026-05-16 17:00:00
753,151,10,2026-05-22 19:00:00,2026-05-22 20:00:00
754,151,14,2026-05-11 19:00:00,2026-05-11 20:00:00
755,151,14,2026-05-15 20:00:00,2026-05-15 21:00:00
756,152,5,2026-05-18 20:00:00,2026-05-18 21:00:00
757,152,7,2026-05-27 07:00:00,2026-05-27 09:00:00
758,152,9,2026-05-19 09:00:00,2026-05-19 11:00:00
759,152,14,2026-05-20 13:00:00,2026-05-20 15:00:00
760,152,16,2026-05-01 11:00:00,2026-05-01 12:00:00
761,153,2,2026-05-01 12:00:00,2026-05-01 15:00:00
762,153,17,2026-05-15 15:00:00,2026-05-15 18:00:00
763,153,1,2026-05-01 17:00:00,2026-05-01 19:00:00
764,153,13,2026-05-22 07:00:00,2026-05-22 09:00:00
765,153,5,2026-05-27 11:00:00,2026-05-27 14:00:00
766,153,6,2026-05-22 19:00:00,2026-05-22 21:00:00
767,154,15,2026-05-13 11:00:00,2026-05-13 14:00:00
768,154,17,2026-05-05 19:00:00,2026-05-05 21:00:00
769,154,9,2026-05-09 08:00:00,2026-05-09 10:00:00
770,154,3,2026-05-19 18:00:00,2026-05-19 21:00:00
771,154,2,2026-05-13 12:00:00,2026-05-13 15:00:00
772,154,3,2026-05-13 10:00:00,2026-05-13 13:00:00
773,155,17,2026-05-19 10:00:00,2026-05-19 11:00:00
774,155,16,2026-05-05 16:00:00,2026-05-05 19:00:00
775,155,17,2026-05-05 16:00:00,2026-05-05 17:00:00
776,156,5,2026-05-25 09:00:00,2026-05-25 10:00:00
777,156,17,2026-05-22 09:00:00,2026-05-22 11:00:00
778,156,14,2026-05-06 10:00:00,2026-05-06 12:00:00
779,156,17,2026-05-11 13:00:00,2026-05-11 16:00:00
780,156,8,2026-05-11 20:00:00,2026-05-11 21:00:00
781,156,12,2026-05-01 08:00:00,2026-05-01 10:00:00
782,156,15,2026-05-05 08:00:00,2026-05-05 09:00:00
783,157,8,2026-05-13 16:00:00,2026-05-13 19:00:00
784,157,4,2026-05-12 12:00:00,2026-05-12 14:00:00
785,157,17,2026-05-04 16:00:00,2026-05-04 17:00:00
786,158,14,2026-05-27 15:00:00,2026-05-27 17:00:00
787,158,2,2026-05-22 19:00:00,2026-05-22 20:00:00
788,158,12,2026-05-26 17:00:00,2026-05-26 18:00:00
789,158,5,2026-05-08 17:00:00,2026-05-08 20:00:00
790,159,13,2026-05-13 08:00:00,2026-05-13 10:00:00
791,159,5,2026-05-22 14:00:00,2026-05-22 16:00:00
792,159,15,2026-05-16 07:00:00,2026-05-16 09:00:00
793,159,5,2026-05-09 15:00:00,2026-05-09 17:00:00
794,160,17,2026-05-23 07:00:00,2026-05-23 09:00:00
795,160,4,2026-05-16 14:00:00,2026-05-16 15:00:00
796,160,2,2026-05-22 19:00:00,2026-05-22 20:00:00
797,161,5,2026-05-04 19:00:00,2026-05-04 21:00:00
798,161,15,2026-05-19 11:00:00,2026-05-19 12:00:00
799,161,6,2026-05-27 21:00:00,2026-05-28 00:00:00
800,161,16,2026-05-02 10:00:00,2026-05-02 13:00:00
801,161,7,2026-05-13 13:00:00,2026-05-13 14:00:00
802,161,2,2026-05-05 09:00:00,2026-05-05 11:00:00
803,162,14,2026-05-20 17:00:00,2026-05-20 19:00:00
804,162,5,2026-05-13 08:00:00,2026-05-13 11:00:00
805,162,15,2026-05-26 18:00:00,2026-05-26 20:00:00
806,163,6,2026-05-22 17:00:00,2026-05-22 19:00:00
807,163,11,2026-05-20 11:00:00,2026-05-20 12:00:00
808,163,3,2026-05-08 20:00:00,2026-05-08 21:00:00
809,163,2,2026-05-13 11:00:00,2026-05-13 12:00:00
810,163,17,2026-05-23 15:00:00,2026-05-23 18:00:00
811,164,16,2026-05-27 12:00:00,2026-05-27 14:00:00
812,164,16,2026-05-27 07:00:00,2026-05-27 09:00:00
813,164,12,2026-05-11 20:00:00,2026-05-11 21:00:00
814,164,7,2026-05-19 14:00:00,2026-05-19 16:00:00
815,164,14,2026-05-22 14:00:00,2026-05-22 17:00:00
816,164,1,2026-05-26 07:00:00,2026-05-26 08:00:00
817,165,9,2026-05-01 21:00:00,2026-05-02 00:00:00
818,165,9,2026-05-13 11:00:00,2026-05-13 12:00:00
819,165,13,2026-05-27 09:00:00,2026-05-27 12:00:00
820,165,3,2026-05-15 18:00:00,2026-05-15 21:00:00
821,165,2,2026-05-06 12:00:00,2026-05-06 15:00:00
822,166,10,2026-05-19 14:00:00,2026-05-19 15:00:00
823,166,6,2026-05-13 11:00:00,2026-05-13 13:00:00
824,166,8,2026-05-01 17:00:00,2026-05-01 18:00:00
825,167,10,2026-05-12 08:00:00,2026-05-12 09:00:00
826,167,12,2026-05-05 20:00:00,2026-05-05 21:00:00
827,167,9,2026-05-20 16:00:00,2026-05-20 19:00:00
828,167,7,2026-05-22 13:00:00,2026-05-22 15:00:00
829,167,3,2026-05-27 17:00:00,2026-05-27 19:00:00
830,167,4,2026-05-12 21:00:00,2026-05-13 00:00:00
831,167,8,2026-05-25 14:00:00,2026-05-25 16:00:00
832,168,16,2026-05-27 10:00:00,2026-05-27 11:00:00
833,168,4,2026-05-11 09:00:00,2026-05-11 10:00:00
834,168,1,2026-05-26 08:00:00,2026-05-26 11:00:00
835,168,7,2026-05-05 19:00:00,2026-05-05 20:00:00
836,168,10,2026-05-12 20:00:00,2026-05-12 21:00:00
837,168,4,2026-05-23 12:00:00,2026-05-23 15:00:00
838,168,16,2026-05-22 09:00:00,2026-05-22 10:00:00
839,169,15,2026-05-06 14:00:00,2026-05-06 17:00:00
840,169,6,2026-05-15 14:00:00,2026-05-15 15:00:00
841,169,15,2026-05-12 08:00:00,2026-05-12 09:00:00
842,169,13,2026-05-23 08:00:00,2026-05-23 10:00:00
843,169,1,2026-05-06 20:00:00,2026-05-06 21:00:00
844,169,3,2026-05-19 19:00:00,2026-05-19 21:00:00
845,169,11,2026-05-18 18:00:00,2026-05-18 20:00:00
846,170,1,2026-05-06 18:00:00,2026-05-06 19:00:00
847,170,9,2026-05-19 18:00:00,2026-05-19 19:00:00
848,170,8,2026-05-19 20:00:00,2026-05-19 21:00:00
849,170,16,2026-05-13 10:00:00,2026-05-13 11:00:00
850,170,7,2026-05-19 17:00:00,2026-05-19 19:00:00
851,171,8,2026-05-19 10:00:00,2026-05-19 12:00:00
852,171,11,2026-05-05 07:00:00,2026-05-05 08:00:00
853,171,12,2026-05-09 16:00:00,2026-05-09 18:00:00
854,172,11,2026-05-26 18:00:00,2026-05-26 19:00:00
855,172,3,2026-05-19 14:00:00,2026-05-19 15:00:00
856,172,10,2026-05-09 15:00:00,2026-05-09 18:00:00
857,172,14,2026-05-04 18:00:00,2026-05-04 21:00:00
858,172,15,2026-05-09 12:00:00,2026-05-09 15:00:00
859,173,12,2026-05-13 11:00:00,2026-05-13 14:00:00
860,173,6,2026-05-11 11:00:00,2026-05-11 12:00:00
861,173,13,2026-05-04 08:00:00,2026-05-04 11:00:00
862,173,13,2026-05-26 11:00:00,2026-05-26 14:00:00
863,173,13,2026-05-25 20:00:00,2026-05-25 21:00:00
864,173,7,2026-05-05 14:00:00,2026-05-05 16:00:00
865,174,7,2026-05-20 13:00:00,2026-05-20 14:00:00
866,174,13,2026-05-16 19:00:00,2026-05-16 20:00:00
867,174,2,2026-05-05 11:00:00,2026-05-05 14:00:00
868,174,7,2026-05-12 08:00:00,2026-05-12 09:00:00
869,174,14,2026-05-22 09:00:00,2026-05-22 11:00:00
870,175,4,2026-05-11 08:00:00,2026-05-11 09:00:00
871,175,17,2026-05-27 18:00:00,2026-05-27 20:00:00
872,175,14,2026-05-25 12:00:00,2026-05-25 15:00:00
873,175,16,2026-05-15 17:00:00,2026-05-15 18:00:00
874,175,17,2026-05-12 13:00:00,2026-05-12 16:00:00
875,175,17,2026-05-06 08:00:00,2026-05-06 10:00:00
876,176,11,2026-05-20 16:00:00,2026-05-20 18:00:00
877,176,3,2026-05-02 18:00:00,2026-05-02 19:00:00
878,176,2,2026-05-20 19:00:00,2026-05-20 21:00:00
879,177,15,2026-05-15 20:00:00,2026-05-15 21:00:00
880,177,9,2026-05-18 16:00:00,2026-05-18 19:00:00
881,177,6,2026-05-04 07:00:00,2026-05-04 08:00:00
882,177,1,2026-05-18 10:00:00,2026-05-18 12:00:00
883,177,2,2026-05-27 17:00:00,2026-05-27 19:00:00
884,177,1,2026-05-08 19:00:00,2026-05-08 21:00:00
885,178,10,2026-05-19 20:00:00,2026-05-19 21:00:00
886,178,3,2026-05-11 21:00:00,2026-05-11 21:00:00
887,178,12,2026-05-20 08:00:00,2026-05-20 09:00:00
888,178,4,2026-05-26 16:00:00,2026-05-26 19:00:00
889,178,8,2026-05-01 09:00:00,2026-05-01 12:00:00
890,178,1,2026-05-04 09:00:00,2026-05-04 10:00:00
891,178,12,2026-05-27 13:00:00,2026-05-27 15:00:00
892,179,8,2026-05-18 21:00:00,2026-05-18 21:00:00
893,179,6,2026-05-12 19:00:00,2026-05-12 21:00:00
894,179,8,2026-05-12 12:00:00,2026-05-12 15:00:00
895,179,6,2026-05-08 15:00:00,2026-05-08 17:00:00
896,180,10,2026-05-05 12:00:00,2026-05-05 14:00:00
897,180,2,2026-05-05 08:00:00,2026-05-05 10:00:00
898,180,4,2026-05-12 11:00:00,2026-05-12 12:00:00
899,180,12,2026-05-02 19:00:00,2026-05-02 21:00:00
900,180,11,2026-05-15 20:00:00,2026-05-15 21:00:00
901,180,11,2026-05-04 13:00:00,2026-05-04 14:00:00
902,181,13,2026-05-05 17:00:00,2026-05-05 19:00:00
903,181,17,2026-05-02 20:00:00,2026-05-02 21:00:00
904,181,5,2026-05-12 14:00:00,2026-05-12 16:00:00
905,181,17,2026-05-12 19:00:00,2026-05-12 21:00:00
906,182,14,2026-05-16 16:00:00,2026-05-16 18:00:00
907,182,3,2026-05-01 07:00:00,2026-05-01 08:00:00
908,182,9,2026-05-15 17:00:00,2026-05-15 19:00:00
909,182,13,2026-05-11 20:00:00,2026-05-11 21:00:00
910,182,1,2026-05-26 09:00:00,2026-05-26 12:00:00
911,182,13,2026-05-22 15:00:00,2026-05-22 18:00:00
912,183,14,2026-05-13 07:00:00,2026-05-13 09:00:00
913,183,8,2026-05-25 08:00:00,2026-05-25 11:00:00
914,183,15,2026-05-06 16:00:00,2026-05-06 19:00:00
915,184,13,2026-05-01 08:00:00,2026-05-01 11:00:00
916,184,15,2026-05-01 08:00:00,2026-05-01 11:00:00
917,184,7,2026-05-16 08:00:00,2026-05-16 10:00:00
918,184,12,2026-05-08 14:00:00,2026-05-08 16:00:00
919,184,9,2026-05-01 15:00:00,2026-05-01 18:00:00
920,184,10,2026-05-13 08:00:00,2026-05-13 09:00:00
921,184,14,2026-05-13 15:00:00,2026-05-13 16:00:00
922,185,2,2026-05-19 08:00:00,2026-05-19 09:00:00
923,185,13,2026-05-27 14:00:00,2026-05-27 15:00:00
924,185,5,2026-05-25 11:00:00,2026-05-25 12:00:00
925,185,14,2026-05-18 20:00:00,2026-05-18 21:00:00
926,185,15,2026-05-23 20:00:00,2026-05-23 21:00:00
927,185,17,2026-05-01 20:00:00,2026-05-01 21:00:00
928,186,13,2026-05-16 16:00:00,2026-05-16 19:00:00
929,186,7,2026-05-16 11:00:00,2026-05-16 13:00:00
930,186,10,2026-05-15 11:00:00,2026-05-15 13:00:00
931,187,11,2026-05-26 20:00:00,2026-05-26 21:00:00
932,187,9,2026-05-02 20:00:00,2026-05-02 21:00:00
933,187,6,2026-05-01 07:00:00,2026-05-01 10:00:00
934,187,6,2026-05-02 16:00:00,2026-05-02 18:00:00
935,187,4,2026-05-25 18:00:00,2026-05-25 19:00:00
936,187,7,2026-05-12 14:00:00,2026-05-12 17:00:00
937,187,11,2026-05-20 15:00:00,2026-05-20 17:00:00
938,188,5,2026-05-16 19:00:00,2026-05-16 21:00:00
939,188,3,2026-05-05 18:00:00,2026-05-05 21:00:00
940,188,2,2026-05-05 11:00:00,2026-05-05 12:00:00
941,189,12,2026-05-12 20:00:00,2026-05-12 21:00:00
942,189,13,2026-05-08 19:00:00,2026-05-08 21:00:00
943,189,13,2026-05-22 18:00:00,2026-05-22 21:00:00
944,189,14,2026-05-19 09:00:00,2026-05-19 12:00:00
945,189,9,2026-05-18 21:00:00,2026-05-19 00:00:00
946,190,4,2026-05-25 17:00:00,2026-05-25 20:00:00
947,190,12,2026-05-06 21:00:00,2026-05-07 00:00:00
948,190,9,2026-05-01 17:00:00,2026-05-01 19:00:00
949,190,3,2026-05-22 19:00:00,2026-05-22 21:00:00
950,190,2,2026-05-22 21:00:00,2026-05-23 00:00:00
951,191,15,2026-05-19 15:00:00,2026-05-19 18:00:00
952,191,1,2026-05-27 18:00:00,2026-05-27 20:00:00
953,191,1,2026-05-12 21:00:00,2026-05-12 21:00:00
954,191,15,2026-05-23 13:00:00,2026-05-23 14:00:00
955,191,12,2026-05-04 08:00:00,2026-05-04 11:00:00
956,192,13,2026-05-18 10:00:00,2026-05-18 13:00:00
957,192,11,2026-05-20 09:00:00,2026-05-20 11:00:00
958,192,5,2026-05-08 20:00:00,2026-05-08 21:00:00
959,192,9,2026-05-15 09:00:00,2026-05-15 11:00:00
960,192,7,2026-05-20 21:00:00,2026-05-20 21:00:00
961,192,2,2026-05-01 10:00:00,2026-05-01 13:00:00
962,193,7,2026-05-09 17:00:00,2026-05-09 18:00:00
963,193,2,2026-05-26 15:00:00,2026-05-26 18:00:00
964,193,16,2026-05-08 14:00:00,2026-05-08 15:00:00
965,193,6,2026-05-09 14:00:00,2026-05-09 15:00:00
966,193,2,2026-05-11 10:00:00,2026-05-11 11:00:00
967,193,8,2026-05-25 15:00:00,2026-05-25 16:00:00
968,193,7,2026-05-25 10:00:00,2026-05-25 13:00:00
969,194,10,2026-05-01 12:00:00,2026-05-01 15:00:00
970,194,17,2026-05-04 18:00:00,2026-05-04 19:00:00
971,194,1,2026-05-20 14:00:00,2026-05-20 17:00:00
972,194,5,2026-05-12 14:00:00,2026-05-12 16:00:00
973,195,4,2026-05-13 20:00:00,2026-05-13 21:00:00
974,195,1,2026-05-01 13:00:00,2026-05-01 15:00:00
975,195,8,2026-05-01 12:00:00,2026-05-01 15:00:00
976,195,14,2026-05-16 08:00:00,2026-05-16 10:00:00
977,195,13,2026-05-02 21:00:00,2026-05-02 21:00:00
978,195,4,2026-05-13 21:00:00,2026-05-14 00:00:00
979,196,8,2026-05-12 13:00:00,2026-05-12 14:00:00
980,196,13,2026-05-15 18:00:00,2026-05-15 21:00:00
981,196,14,2026-05-26 10:00:00,2026-05-26 12:00:00
982,197,13,2026-05-11 19:00:00,2026-05-11 21:00:00
983,197,10,2026-05-18 11:00:00,2026-05-18 13:00:00
984,197,8,2026-05-25 08:00:00,2026-05-25 11:00:00
985,197,3,2026-05-08 10:00:00,2026-05-08 12:00:00
986,197,8,2026-05-08 15:00:00,2026-05-08 16:00:00
987,197,3,2026-05-12 11:00:00,2026-05-12 12:00:00
988,198,16,2026-05-06 10:00:00,2026-05-06 12:00:00
989,198,16,2026-05-19 07:00:00,2026-05-19 09:00:00
990,198,9,2026-05-01 13:00:00,2026-05-01 16:00:00
991,199,8,2026-05-11 17:00:00,2026-05-11 20:00:00
992,199,16,2026-05-25 21:00:00,2026-05-26 00:00:00
993,199,16,2026-05-26 07:00:00,2026-05-26 09:00:00
994,199,6,2026-05-19 16:00:00,2026-05-19 17:00:00
995,199,14,2026-05-06 20:00:00,2026-05-06 21:00:00
996,200,17,2026-05-02 18:00:00,2026-05-02 19:00:00
997,200,17,2026-05-04 14:00:00,2026-05-04 15:00:00
998,200,8,2026-05-15 11:00:00,2026-05-15 14:00:00
999,200,1,2026-05-22 14:00:00,2026-05-22 17:00:00
1000,200,8,2026-05-04 09:00:00,2026-05-04 11:00:00
1001,200,9,2026-05-01 17:00:00,2026-05-01 18:00:00
